plantation,wetland_dominated,wfe_score_very_high_high,people_score_very_high_high,on_pine_oak_evt_list,action_your_call,goldilocks_eligible_your_call,notes
Y,*,*,*,*,value_to_protect_from_fire,Y,Always — listed asset (plantation v1)
N,Y,*,*,*,wetlands_assess_locally,N,Local wetlands call; out of Goldilocks
N,N,Y,Y,*,treat_fire_risk_for_people,Y,High/VH WFE + High/VH buildings (pine does not override)
N,N,Moderate,Very High,*,treat_fire_risk_for_people,Y,Moderate WFE + Very High buildings — densest places get a lower exposure bar
N,N,Y,N,*,ecosystem_health_focus,Y,High/VH WFE + Moderate/Low/VL buildings
N,N,N,N,Y,ecosystem_health_focus,Y,Tighten pine safety net: top-3 EVT list + buildings not High/VH
N,N,N,Y,Y,defer_monitor,N,High/VH buildings (or with pine) do not create treat without High/VH WFE (except Moderate WFE + Very High buildings)
N,N,N,Y,N,defer_monitor,N,Buildings alone do not create treat
N,N,N,N,N,defer_monitor,N,Typical quiet hex
