GRID_ID,STATE_ABBR
AF-31,MN
DI-73,WI
EB-83,MI
EP-90,MI
CL-60,MI
BS-80,WI
AX-69,WI
X-62,MN
ED-83,MI
DX-48,MI
BZ-56,MI
FG-69,MI
M-53,MN
I-45,MN
CE-69,WI
U-57,MN
AB-32,MN
CN-81,WI
AY-71,WI
CQ-42,MI
AP-63,WI
EV-77,MI
ES-72,MI
DZ-50,MI
EM-70,MI
DD-91,WI
BS-45,MI
DF-50,MI
BB-38,MN
AH-41,MN
DM-59,MI
Z-35,MN
CD-60,MI
CP-75,WI
BQ-64,WI
DD-68,WI
FC-75,MI
AK-54,MN
BM-74,WI
Y-32,MN
EO-64,MI
EQ-55,MI
BM-36,MN
DT-52,MI
ET-90,MI
CB-83,WI
BJ-37,MN
CK-30,MI
BF-77,WI
CC-86,WI
CZ-64,WI
BV-34,MI
EF-95,MI
AT-47,MN
CT-59,MI
CZ-80,WI
CP-43,MI
BU-58,MI
BA-77,WI
DY-91,MI
AC-70,MN
EG-82,MI
E-24,MN
DY-100,MI
EP-56,MI
FL-71,MI
FC-73,MI
BC-75,WI
BB-49,MN
DA-48,MI
BD-72,WI
AW-46,MN
CS-59,MI
AK-24,MN
FE-56,MI
BG-78,WI
K-40,MN
CZ-58,MI
EA-85,MI
AV-67,WI
AB-68,MN
AX-78,WI
EH-88,MI
CN-50,MI
X-26,MN
AK-64,MN
BB-64,WI
BG-55,MN
ER-80,MI
BW-71,WI
CZ-72,WI
AO-68,WI
CC-68,WI
AV-50,MN
BZ-65,WI
CS-76,WI
U-58,MN
S-58,MN
EO-85,MI
AT-49,MN
CD-73,WI
DK-78,WI
EJ-82,MI
AQ-57,MN
BL-66,WI
FG-82,MI
T-39,MN
BE-52,MN
CN-72,WI
CS-80,WI
CB-72,WI
CI-81,WI
DD-65,WI
EW-64,MI
AB-36,MN
Y-37,MN
AT-29,MN
AG-44,MN
CR-40,MI
EK-79,MI
AJ-37,MN
DS-61,MI
BN-61,WI
BJ-28,MN
DK-52,MI
CT-90,WI
AP-46,MN
Z-63,MN
CL-73,WI
BS-56,MI
DN-74,WI
EH-100,MI
AU-46,MN
DX-52,MI
ED-85,MI
DM-63,WI
AV-70,WI
CW-45,MI
EJ-84,MI
FI-86,MI
K-23,MN
AP-49,MN
DQ-68,MI
CR-81,WI
BT-58,MI
AW-29,MN
BA-42,MN
BF-41,MN
CY-86,WI
EX-83,MI
FD-65,MI
EN-70,MI
EQ-92,MI
CJ-30,MI
EJ-47,MI
DU-49,MI
CJ-79,WI
AF-34,MN
BZ-83,WI
AM-69,MN
BQ-57,WI
BN-66,WI
AM-50,MN
AG-25,MN
BM-51,WI
BO-59,WI
EC-52,MI
AD-62,MN
BC-36,MN
AQ-48,MN
DQ-57,MI
AZ-68,WI
CK-31,MI
AE-36,MN
AX-28,MN
EA-53,MI
CF-78,WI
DK-65,WI
CV-79,WI
CS-82,WI
L-45,MN
CY-57,MI
F-26,MN
BJ-63,WI
CZ-70,WI
P-33,MN
EG-86,MI
FC-64,MI
AM-29,MN
BQ-71,WI
DE-84,WI
BH-58,WI
BG-67,WI
EI-100,MI
DR-60,MI
EI-76,MI
CZ-74,WI
EI-94,MI
DX-54,MI
DZ-48,MI
AH-38,MN
BS-58,MI
BI-68,WI
DL-75,WI
CC-87,WI
BB-61,WI
I-39,MN
AY-55,MN
BX-56,MI
U-40,MN
BI-79,WI
DW-58,MI
FD-82,MI
W-49,MN
CY-52,MI
AC-37,MN
BE-33,MN
CH-48,MI
EJ-52,MI
EI-101,MI
BO-65,WI
EM-75,MI
FA-69,MI
Q-28,MN
AK-39,MN
AV-43,MN
CZ-39,MI
BC-74,WI
EC-90,MI
FF-70,MI
FH-81,MI
BZ-66,WI
BT-64,MI
EJ-91,MI
AY-37,MN
AM-70,MN
CR-48,MI
BB-56,MN
Y-27,MN
BA-59,WI
BK-76,WI
EC-55,MI
AG-46,MN
AM-58,MN
AT-71,WI
ED-103,MI
BK-70,WI
EL-77,MI
EG-55,MI
BM-67,WI
DH-63,WI
CU-79,WI
H-45,MN
W-31,MN
BN-49,WI
AU-31,MN
DD-89,WI
AU-65,WI
DT-62,MI
EU-78,MI
T-60,MN
AY-54,MN
EY-84,MI
T-33,MN
BY-70,WI
BV-55,MI
CM-68,WI
DE-72,WI
K-26,MN
BQ-86,WI
EV-57,MI
BN-32,MN
BL-35,MN
FI-81,MI
BR-87,WI
FI-87,MI
C-25,MN
AF-33,MN
CZ-66,WI
AJ-61,MN
ES-65,MI
BT-80,WI
DN-65,MI
AI-61,MN
ER-97,MI
CK-58,MI
CE-71,WI
DB-83,WI
ET-58,MI
BT-71,WI
CS-40,MI
H-28,MN
AG-29,MN
AU-28,MN
AO-62,WI
Y-29,MN
BZ-90,WI
DG-84,WI
M-47,MN
EU-96,MI
AL-55,MN
AG-58,MN
EN-58,MI
EB-82,MI
AM-40,MN
AC-69,MN
DA-88,WI
FJ-74,MI
CF-74,WI
AK-33,MN
DT-63,MI
CY-83,WI
CA-82,WI
EF-89,MI
EE-82,MI
CR-74,WI
Z-57,MN
DL-56,MI
CT-62,MI
DX-93,MI
AW-63,WI
EG-87,MI
EW-85,MI
BQ-56,WI
AA-47,MN
AR-34,MN
BV-65,WI
FE-72,MI
BE-36,MN
CZ-81,WI
AA-57,MN
BD-45,MN
ES-61,MI
DR-62,MI
AM-54,MN
EL-63,MI
N-30,MN
CF-63,MI
BK-33,MN
BD-41,MN
CU-85,WI
X-25,MN
CP-47,MI
Q-46,MN
EM-72,MI
I-37,MN
AO-65,WI
BA-44,MN
CB-75,WI
BA-69,WI
EC-48,MI
ET-81,MI
AY-29,MN
EI-45,MI
EC-78,MI
BL-60,WI
AD-42,MN
BM-27,MN
EH-98,MI
CP-87,WI
CV-42,MI
ES-94,MI
CG-71,WI
DU-51,MI
EN-57,MI
AR-76,WI
CK-63,MI
BK-60,WI
EQ-71,MI
ED-84,MI
Z-44,MN
AS-30,MN
EZ-79,MI
AX-70,WI
AR-52,MN
X-59,MN
BO-46,MN
EF-57,MI
BS-63,WI
BQ-34,MN
EH-76,MI
EY-88,MI
BL-32,MN
AC-53,MN
AC-62,MN
BV-68,WI
CO-78,WI
DO-64,MI
CN-30,MI
DY-51,MI
T-43,MN
N-22,MN
BM-80,WI
DD-66,WI
CA-69,WI
EO-56,MI
P-38,MN
CN-49,MI
AO-54,MN
BJ-53,WI
P-41,MN
DR-53,MI
U-37,MN
CM-54,MI
CF-72,WI
BB-68,WI
O-20,MN
BB-42,MN
CU-49,MI
FE-75,MI
AC-56,MN
CE-67,WI
AY-67,WI
P-49,MN
BL-78,WI
N-34,MN
EO-90,MI
BJ-69,WI
EO-88,MI
AI-49,MN
AJ-70,MN
EV-60,MI
EQ-99,MI
U-36,MN
AL-49,MN
CD-67,WI
U-38,MN
BX-79,WI
BE-62,WI
EQ-96,MI
BD-34,MN
FE-68,MI
AQ-64,WI
AW-33,MN
BS-70,WI
N-26,MN
BD-52,MN
BU-28,MI
EL-85,MI
BA-64,WI
EK-49,MI
S-59,MN
CU-76,WI
O-45,MN
BY-79,WI
CW-69,WI
R-23,MN
W-56,MN
DN-53,MI
BZ-85,WI
BH-38,MN
Z-34,MN
BE-58,WI
CN-84,WI
EV-79,MI
DH-97,WI
FD-90,MI
J-20,MN
BJ-74,WI
CK-80,WI
AS-46,MN
CM-80,WI
DS-62,MI
DE-86,WI
BW-56,MI
EL-95,MI
BH-29,MN
AN-63,WI
N-41,MN
BM-62,WI
BL-76,WI
DR-57,MI
E-27,MN
P-40,MN
DY-87,MI
EE-47,MI
BO-71,WI
AH-25,MN
ER-92,MI
AG-24,MN
EJ-76,MI
DD-52,MI
EG-54,MI
BP-53,WI
U-31,MN
FC-84,MI
AN-26,MN
DL-62,WI
BG-57,WI
EU-48,MI
R-49,MN
I-48,MN
AG-51,MN
DD-55,MI
BG-66,WI
X-36,MN
AH-48,MN
BK-73,WI
DH-57,MI
EA-58,MI
EA-92,MI
BG-32,MN
ES-73,MI
BT-31,MI
CU-87,WI
FJ-82,MI
BI-28,MN
DY-92,MI
CO-56,MI
EB-85,MI
CN-46,MI
DJ-73,WI
FB-88,MI
AW-38,MN
R-39,MN
BJ-39,MN
AJ-54,MN
CA-64,WI
CK-29,MI
EG-95,MI
EW-81,MI
AV-53,MN
CB-60,MI
DE-96,WI
ER-59,MI
AB-50,MN
DQ-63,MI
DH-89,WI
CM-47,MI
DB-63,WI
AZ-73,WI
AP-33,MN
ED-98,MI
AR-57,MN
BT-57,MI
DD-74,WI
AJ-22,MN
EJ-102,MI
BM-81,WI
EG-88,MI
BD-37,MN
AX-51,MN
AN-36,MN
DW-51,MI
EE-84,MI
BS-61,WI
CU-75,WI
AP-50,MN
AV-63,WI
BK-39,MN
M-11,MN
CY-66,WI
EY-83,MI
BO-82,WI
FG-67,MI
DF-86,WI
AA-41,MN
N-15,MN
EO-101,MI
EK-48,MI
DT-51,MI
BY-63,MI
CN-55,MI
EO-77,MI
FD-67,MI
CN-83,WI
AW-66,WI
DE-65,WI
AW-70,WI
CV-38,MI
BH-65,WI
EA-100,MI
J-19,MN
CA-51,MI
BN-64,WI
AK-35,MN
J-38,MN
FF-73,MI
BJ-38,MN
I-26,MN
CV-75,WI
BI-35,MN
AK-30,MN
CA-79,WI
EN-56,MI
EA-49,MI
AF-54,MN
AT-62,WI
U-49,MN
FH-78,MI
BI-39,MN
BS-53,MI
CM-73,WI
BB-35,MN
G-34,MN
AT-63,WI
BC-53,MN
DO-59,MI
EM-65,MI
EX-72,MI
W-27,MN
DL-73,WI
CH-63,MI
X-23,MN
CU-62,MI
CY-50,MI
BQ-33,MN
BE-51,MN
I-24,MN
CN-43,MI
N-28,MN
BG-35,MN
AB-47,MN
ET-93,MI
AL-68,MN
U-28,MN
J-33,MN
EQ-69,MI
CD-61,MI
CR-45,MI
AL-72,MN
AI-46,MN
DS-66,MI
CW-78,WI
BU-60,MI
EX-69,MI
DZ-52,MI
AL-38,MN
ES-67,MI
EL-52,MI
CW-77,WI
CH-76,WI
AL-33,MN
BX-80,WI
CU-73,WI
FF-67,MI
EQ-68,MI
AJ-30,MN
EX-76,MI
BX-89,WI
BD-39,MN
CW-65,WI
DA-50,MI
DN-62,MI
AG-35,MN
CQ-65,WI
AI-22,MN
K-39,MN
AP-51,MN
CR-26,MI
AN-55,MN
EW-72,MI
T-31,MN
AX-40,MN
M-48,MN
AT-43,MN
AM-34,MN
BW-85,WI
AY-32,MN
BR-88,WI
EA-88,MI
BX-74,WI
AZ-77,WI
DD-53,MI
EK-68,MI
J-40,MN
BA-62,WI
AR-38,MN
BA-76,WI
AA-63,MN
DY-89,MI
EQ-95,MI
EE-54,MI
AF-29,MN
EW-56,MI
CE-88,WI
AS-62,WI
FA-79,MI
AB-54,MN
AX-29,MN
CG-82,WI
DD-75,WI
EZ-72,MI
W-25,MN
BO-68,WI
CX-88,WI
AJ-27,MN
Y-44,MN
DF-68,WI
CD-58,MI
CF-52,MI
ET-60,MI
ED-59,MI
FH-70,MI
N-32,MN
AA-35,MN
CQ-47,MI
S-43,MN
EC-49,MI
W-34,MN
CB-81,WI
BK-68,WI
AA-65,MN
AB-65,MN
BM-37,MN
BI-34,MN
BN-38,MN
AY-30,MN
BP-51,WI
AX-36,MN
CP-76,WI
X-52,MN
O-17,MN
DS-65,MI
AN-53,MN
DU-59,MI
BP-74,WI
AI-51,MN
CY-48,MI
CE-83,WI
BL-38,MN
AM-60,MN
AN-46,MN
BZ-87,WI
DA-83,WI
CL-31,MI
DB-91,WI
BU-34,MI
CR-68,WI
AE-62,MN
EN-79,MI
ER-77,MI
CB-65,WI
Y-33,MN
CF-81,WI
AL-67,MN
AT-37,MN
BX-61,MI
AJ-63,MN
CJ-80,WI
DB-86,WI
DO-60,MI
CJ-83,WI
BQ-87,WI
FL-77,MI
EV-53,MI
BR-82,WI
AS-56,MN
Q-34,MN
CW-58,MI
AX-72,WI
BD-71,WI
BP-66,WI
DH-72,WI
BU-84,WI
EL-71,MI
ER-53,MI
CP-27,MI
AE-24,MN
BX-68,WI
BO-29,MN
CK-69,WI
W-23,MN
AB-63,MN
DE-61,MI
EQ-88,MI
AK-31,MN
FG-76,MI
EU-70,MI
EH-86,MI
DD-50,MI
AY-31,MN
Z-65,MN
BL-50,WI
EQ-61,MI
BK-29,MN
J-18,MN
BU-73,WI
AV-40,MN
H-24,MN
W-36,MN
EE-96,MI
DC-79,WI
EB-103,MI
AK-46,MN
EO-52,MI
BQ-80,WI
CC-75,WI
CR-55,MI
EZ-66,MI
BZ-57,MI
CT-53,MI
CX-86,WI
CM-82,WI
BW-90,WI
EI-50,MI
BP-75,WI
CI-55,MI
AQ-34,MN
BT-74,WI
CS-74,WI
BG-53,MN
AI-34,MN
FE-70,MI
Q-25,MN
BA-34,MN
CU-78,WI
AG-49,MN
EX-68,MI
AO-57,MN
AT-31,MN
BN-75,WI
FD-76,MI
DA-66,WI
CK-74,WI
DC-73,WI
ET-55,MI
FG-89,MI
AE-50,MN
ET-74,MI
CO-86,WI
EL-98,MI
AS-65,WI
H-29,MN
V-49,MN
J-43,MN
AG-31,MN
CQ-40,MI
AR-45,MN
EI-102,MI
FK-76,MI
CH-86,WI
EJ-87,MI
I-27,MN
L-51,MN
M-29,MN
L-46,MN
AR-72,WI
CO-82,WI
EG-93,MI
R-56,MN
G-31,MN
EV-86,MI
EG-71,MI
CL-85,WI
CU-48,MI
BV-85,WI
BT-73,WI
DZ-87,MI
CM-51,MI
BO-57,WI
CM-49,MI
BF-40,MN
AG-23,MN
EE-53,MI
CV-65,WI
CL-71,WI
CR-80,WI
CL-76,WI
CS-66,WI
EC-95,MI
CP-71,WI
EU-87,MI
DH-60,MI
FG-75,MI
M-24,MN
BQ-62,WI
BT-89,WI
CL-87,WI
CR-66,WI
DB-84,WI
DB-75,WI
AI-43,MN
BR-71,WI
CT-45,MI
CM-46,MI
DI-65,WI
BQ-70,WI
L-43,MN
CH-58,MI
DR-56,MI
BX-33,MI
CQ-58,MI
FC-68,MI
CO-47,MI
EP-94,MI
BY-62,MI
EL-74,MI
AH-67,MN
EG-73,MI
AQ-62,WI
CZ-88,WI
CH-59,MI
ER-50,MI
CE-61,MI
X-57,MN
EX-56,MI
EG-48,MI
T-24,MN
AH-46,MN
AZ-53,MN
BS-72,WI
CX-73,WI
FB-87,MI
BF-73,WI
CP-65,WI
CU-56,MI
CP-67,WI
T-34,MN
CN-62,MI
CY-79,WI
CI-54,MI
DT-56,MI
DJ-74,WI
AR-43,MN
BK-61,WI
AW-78,WI
BP-47,WI
AU-54,MN
AX-58,WI
AE-37,MN
P-50,MN
U-35,MN
EX-66,MI
CK-81,WI
F-17,MN
AK-60,MN
AI-57,MN
AF-64,MN
CL-52,MI
DP-60,MI
A-24,MN
Z-45,MN
CY-89,WI
AO-24,MN
FJ-85,MI
M-36,MN
BN-31,MN
FH-71,MI
CY-73,WI
AF-66,MN
FB-90,MI
EB-90,MI
AW-67,WI
AM-32,MN
CX-51,MI
AB-37,MN
BB-31,MN
BU-81,WI
O-37,MN
FC-77,MI
AY-66,WI
CS-45,MI
J-23,MN
AD-63,MN
AF-59,MN
EH-87,MI
EZ-86,MI
W-61,MN
CJ-58,MI
AW-68,WI
CV-61,MI
DK-61,MI
AN-69,MN
CC-79,WI
FA-75,MI
CV-50,MI
CV-53,MI
K-25,MN
FJ-87,MI
CQ-66,WI
CK-85,WI
BE-57,WI
AP-52,MN
Z-59,MN
CR-50,MI
BD-76,WI
L-25,MN
AK-69,MN
EY-77,MI
BH-51,MN
J-52,MN
EZ-89,MI
BE-71,WI
EE-58,MI
T-54,MN
DL-52,MI
CW-56,MI
BW-86,WI
Q-33,MN
EE-97,MI
FD-68,MI
CY-67,WI
AA-51,MN
DA-68,WI
BN-47,MN
F-31,MN
CH-82,WI
EK-46,MI
T-59,MN
J-48,MN
CX-48,MI
ES-60,MI
AT-45,MN
BS-59,WI
AJ-36,MN
ET-91,MI
CC-81,WI
BC-70,WI
CQ-63,WI
Z-58,MN
DC-55,MI
P-45,MN
DO-55,MI
CS-41,MI
AK-63,MN
EN-73,MI
DF-61,MI
DY-86,MI
EM-52,MI
X-33,MN
DF-76,WI
BS-82,WI
X-50,MN
CA-86,WI
EF-61,MI
V-47,MN
DC-92,WI
AR-40,MN
ES-54,MI
AW-75,WI
FA-74,MI
O-34,MN
DN-61,MI
CP-88,WI
DE-83,WI
O-48,MN
BT-75,WI
BS-78,WI
EA-83,MI
FJ-77,MI
BX-73,WI
EP-67,MI
BO-74,WI
AA-66,MN
AH-23,MN
BP-36,MN
AP-56,MN
ES-93,MI
DE-64,WI
K-43,MN
CE-75,WI
CF-68,WI
EW-55,MI
T-49,MN
BQ-60,WI
BO-67,WI
Y-46,MN
CD-51,MI
N-18,MN
CC-70,WI
CK-45,MI
BS-74,WI
EU-69,MI
AU-70,WI
CK-62,MI
AT-77,WI
F-25,MN
EN-78,MI
CM-84,WI
CP-49,MI
AQ-41,MN
CV-90,WI
BO-80,WI
EG-62,MI
AY-78,WI
AO-70,WI
EJ-69,MI
CT-52,MI
CZ-78,WI
AF-37,MN
BJ-80,WI
AP-70,WI
AL-26,MN
BV-81,WI
EK-83,MI
Q-48,MN
CI-83,WI
FD-69,MI
DA-86,WI
AU-51,MN
BH-53,MN
U-22,MN
AY-45,MN
CW-74,WI
CT-72,WI
BL-56,WI
EO-63,MI
ES-91,MI
FG-80,MI
CH-78,WI
BV-73,WI
AB-55,MN
AZ-31,MN
AP-39,MN
BJ-59,WI
CO-71,WI
AR-75,WI
CR-44,MI
EK-57,MI
O-55,MN
EX-63,MI
CR-58,MI
ER-79,MI
EM-51,MI
CS-77,WI
CQ-26,MI
EJ-57,MI
BS-88,WI
W-33,MN
BC-71,WI
EQ-75,MI
ES-64,MI
DD-58,MI
DB-68,WI
BR-63,WI
FA-72,MI
AA-52,MN
BB-72,WI
CP-61,MI
AS-44,MN
BC-37,MN
EA-50,MI
AQ-26,MN
DI-62,WI
CE-85,WI
EM-57,MI
I-49,MN
AV-75,WI
V-32,MN
AP-61,WI
CD-76,WI
CW-51,MI
BP-59,WI
CL-80,WI
ET-61,MI
CF-83,WI
DH-58,MI
EG-79,MI
AL-56,MN
FD-81,MI
EC-83,MI
EY-57,MI
DX-89,MI
EH-92,MI
BJ-32,MN
BN-78,WI
AO-41,MN
BC-58,WI
CL-51,MI
ET-63,MI
AR-30,MN
BD-47,MN
EQ-73,MI
CD-65,WI
AU-39,MN
V-22,MN
BD-33,MN
CC-50,MI
AQ-56,MN
AT-28,MN
BH-72,WI
AV-41,MN
AG-50,MN
AK-71,MN
DK-75,WI
EU-95,MI
FA-81,MI
EM-78,MI
N-33,MN
FD-78,MI
FH-77,MI
X-27,MN
DE-73,WI
DH-55,MI
BW-60,MI
AL-71,MN
BU-66,WI
EQ-84,MI
CC-88,WI
AH-72,MN
BL-59,WI
AC-59,MN
AA-61,MN
S-45,MN
AS-50,MN
AD-40,MN
DG-60,MI
EZ-55,MI
AI-64,MN
EN-87,MI
AL-39,MN
BN-77,WI
EQ-97,MI
BI-51,WI
T-22,MN
CJ-76,WI
DC-69,WI
DP-58,MI
EP-74,MI
BG-38,MN
CS-60,MI
BP-62,WI
CJ-69,WI
AS-69,WI
CP-57,MI
EA-56,MI
BE-76,WI
CH-81,WI
CC-52,MI
BN-70,WI
R-50,MN
AN-70,MN
AO-45,MN
CC-54,MI
CB-55,MI
Q-44,MN
BG-61,WI
Z-39,MN
CX-57,MI
Q-53,MN
DI-79,WI
CG-49,MI
BH-30,MN
AI-23,MN
CK-56,MI
S-29,MN
BI-37,MN
BT-76,WI
BO-72,WI
EF-81,MI
K-46,MN
AH-45,MN
AE-43,MN
CB-88,WI
EN-51,MI
AE-38,MN
EN-98,MI
CE-49,MI
J-25,MN
DL-55,MI
CN-28,MI
CR-43,MI
R-45,MN
CE-76,WI
FL-74,MI
AR-26,MN
AB-28,MN
EZ-56,MI
CS-65,WI
EO-54,MI
CW-61,MI
AM-30,MN
AW-64,WI
AT-26,MN
DN-57,MI
AU-49,MN
DF-96,WI
DE-66,WI
FH-66,MI
BK-32,MN
BU-61,MI
CJ-51,MI
EV-56,MI
ED-76,MI
EV-48,MI
ED-102,MI
Y-36,MN
BE-46,MN
AK-49,MN
AB-57,MN
AO-61,WI
BN-62,WI
BD-31,MN
DR-67,MI
CG-83,WI
CS-50,MI
BT-83,WI
AX-54,MN
BY-77,WI
EN-94,MI
AA-31,MN
AM-66,MN
DF-83,WI
EK-99,MI
FB-70,MI
AB-43,MN
EJ-101,MI
CD-77,WI
AB-35,MN
DA-54,MI
DZ-90,MI
DR-52,MI
EL-100,MI
ED-97,MI
BY-81,WI
FJ-71,MI
EX-52,MI
BZ-86,WI
R-42,MN
EK-53,MI
R-47,MN
DH-99,WI
AI-38,MN
AA-27,MN
CI-77,WI
EF-80,MI
EN-62,MI
CH-73,WI
BC-43,MN
BQ-83,WI
AB-69,MN
BO-48,WI
ER-94,MI
Y-57,MN
AE-51,MN
ES-68,MI
EK-95,MI
AJ-66,MN
BF-59,WI
AM-45,MN
EP-63,MI
J-37,MN
CT-67,WI
BS-46,MI
AV-65,WI
FL-78,MI
FA-70,MI
EW-83,MI
BP-78,WI
AJ-72,MN
Y-43,MN
AL-35,MN
CR-60,MI
AU-56,MN
EG-83,MI
FF-57,MI
AI-39,MN
EB-91,MI
BS-35,MI
BF-75,WI
K-49,MN
CM-77,WI
W-22,MN
AC-49,MN
AB-70,MN
AB-52,MN
DH-83,WI
BC-68,WI
CT-87,WI
CK-57,MI
EL-78,MI
P-47,MN
Y-61,MN
AQ-60,WI
DC-86,WI
EJ-98,MI
AA-38,MN
EI-98,MI
AB-51,MN
AS-48,MN
EV-80,MI
DC-53,MI
BF-31,MN
W-57,MN
CQ-77,WI
X-64,MN
BA-71,WI
AL-54,MN
BD-35,MN
AH-33,MN
AQ-70,WI
ES-49,MI
CM-56,MI
W-55,MN
BL-68,WI
CL-49,MI
BO-64,WI
EO-68,MI
ES-62,MI
EC-57,MI
BU-33,MI
DB-81,WI
AG-33,MN
CJ-65,WI
J-44,MN
AA-36,MN
BT-69,WI
CH-65,WI
FC-65,MI
CX-70,WI
DD-72,WI
ES-58,MI
DZ-55,MI
DU-55,MI
BV-71,WI
BM-47,WI
BZ-59,MI
BB-71,WI
BU-70,WI
DD-70,WI
BT-79,WI
CI-86,WI
EJ-77,MI
DT-59,MI
CQ-72,WI
DS-56,MI
CS-86,WI
EA-103,MI
AW-27,MN
EB-101,MI
CH-62,MI
DY-94,MI
CI-79,WI
AH-31,MN
CI-46,MI
AJ-56,MN
BT-32,MI
FI-77,MI
BF-33,MN
BP-81,WI
BK-56,WI
AO-56,MN
AD-41,MN
CZ-75,WI
EN-65,MI
BU-32,MI
FE-78,MI
EV-83,MI
AI-24,MN
AG-26,MN
AB-62,MN
EI-79,MI
CQ-76,WI
AJ-45,MN
EE-79,MI
BX-78,WI
FF-89,MI
BM-58,WI
R-48,MN
AH-39,MN
V-42,MN
EQ-67,MI
AD-43,MN
J-36,MN
BE-44,MN
BL-65,WI
BF-43,MN
BU-62,MI
DB-47,MI
ER-65,MI
H-44,MN
FC-86,MI
FF-66,MI
CO-63,MI
EW-63,MI
EQ-54,MI
AB-31,MN
CH-32,MI
P-37,MN
BC-63,WI
BI-66,WI
CU-65,WI
BP-29,MN
DJ-63,WI
AO-47,MN
CD-57,MI
CH-54,MI
EW-88,MI
AZ-50,MN
CG-60,MI
DB-93,WI
L-31,MN
CW-76,WI
AE-59,MN
DR-66,MI
FG-78,MI
BA-33,MN
EA-82,MI
AC-72,MN
G-29,MN
CP-58,MI
EJ-51,MI
AG-52,MN
EX-55,MI
CY-58,MI
AG-57,MN
CX-87,WI
AR-35,MN
FA-84,MI
AW-40,MN
E-20,MN
BE-60,WI
DM-56,MI
BB-30,MN
CA-67,WI
DI-60,MI
CX-85,WI
EC-87,MI
CD-86,WI
DH-98,WI
CR-67,WI
CM-74,WI
DT-50,MI
CP-84,WI
U-48,MN
CS-75,WI
AE-22,MN
CT-71,WI
EL-81,MI
BQ-79,WI
AB-25,MN
BE-61,WI
R-33,MN
FK-77,MI
CW-50,MI
AL-50,MN
CM-64,WI
DW-54,MI
BV-56,MI
EC-102,MI
BR-77,WI
AW-53,MN
ES-101,MI
AT-76,WI
AK-37,MN
Y-60,MN
CZ-60,MI
AA-37,MN
CE-52,MI
AQ-24,MN
CF-64,MI
EL-83,MI
DA-78,WI
BX-58,MI
CM-78,WI
AS-39,MN
R-30,MN
BG-73,WI
ET-80,MI
CT-66,WI
DE-82,WI
CG-69,WI
P-29,MN
AY-42,MN
AC-24,MN
M-51,MN
DC-56,MI
FH-68,MI
CG-77,WI
AA-44,MN
BG-39,MN
E-22,MN
AG-67,MN
DR-65,MI
AQ-46,MN
E-19,MN
EI-48,MI
DG-57,MI
AU-42,MN
AD-30,MN
CS-38,MI
AM-55,MN
O-49,MN
EC-100,MI
BO-30,MN
DC-89,WI
BA-58,WI
BU-65,WI
EY-63,MI
AC-26,MN
L-30,MN
Y-45,MN
BI-67,WI
CH-57,MI
AN-25,MN
AN-54,MN
CV-82,WI
EU-56,MI
FG-70,MI
BF-72,WI
BS-33,MI
CB-87,WI
EB-59,MI
AV-26,MN
BX-65,WI
BP-57,WI
CV-84,WI
AN-30,MN
AW-72,WI
AV-45,MN
DJ-78,WI
BH-62,WI
EY-71,MI
AK-44,MN
BP-86,WI
BL-74,WI
BL-37,MN
CZ-63,WI
EC-59,MI
CR-70,WI
ET-54,MI
DB-62,MI
DA-56,MI
ES-90,MI
DW-97,MI
BA-57,WI
EK-89,MI
BS-69,WI
M-18,MN
BU-30,MI
BL-72,WI
FI-85,MI
EI-51,MI
AZ-57,MN
CQ-71,WI
EC-85,MI
K-48,MN
AX-76,WI
BZ-51,MI
FF-71,MI
I-19,MN
CW-84,WI
CU-80,WI
V-26,MN
EY-69,MI
DQ-64,MI
DD-79,WI
AZ-56,MN
BI-42,MN
BO-85,WI
FD-85,MI
AI-63,MN
DV-61,MI
EN-89,MI
T-25,MN
X-60,MN
AQ-52,MN
BH-78,WI
B-24,MN
FD-55,MI
R-29,MN
BW-87,WI
ES-59,MI
CB-71,WI
U-29,MN
AB-27,MN
AQ-66,WI
AB-46,MN
FJ-75,MI
EW-69,MI
K-27,MN
DC-62,MI
DA-71,WI
CE-58,MI
FE-74,MI
BZ-54,MI
EL-79,MI
BL-48,WI
BK-50,WI
DF-88,WI
CA-84,WI
DV-51,MI
CO-62,MI
Q-43,MN
CG-57,MI
DK-54,MI
AR-69,WI
AJ-46,MN
ET-62,MI
CV-63,MI
BI-71,WI
EP-76,MI
CS-43,MI
BU-75,WI
CG-86,WI
W-30,MN
EX-78,MI
S-38,MN
CR-65,WI
AX-63,WI
FI-83,MI
EZ-84,MI
DO-58,MI
BG-58,WI
CH-80,WI
AE-39,MN
DZ-58,MI
AQ-59,WI
M-14,MN
BR-31,MI
DF-64,WI
BH-34,MN
P-20,MN
BD-46,MN
CL-70,WI
EF-92,MI
AT-60,WI
BP-77,WI
R-25,MN
BD-60,WI
M-19,MN
BQ-68,WI
DE-95,WI
EP-64,MI
CL-88,WI
AM-59,MN
CP-60,MI
AR-31,MN
ET-56,MI
BL-54,WI
BQ-30,MN
AW-31,MN
U-46,MN
CJ-46,MI
CZ-73,WI
AM-33,MN
CO-67,WI
CS-67,WI
Y-48,MN
CZ-76,WI
Y-24,MN
BA-73,WI
P-36,MN
DM-54,MI
AV-29,MN
EG-80,MI
I-21,MN
DA-51,MI
BX-31,MI
BB-66,WI
EH-57,MI
CJ-84,WI
DI-59,MI
DE-97,WI
CE-51,MI
CL-66,WI
DJ-77,WI
BE-35,MN
CJ-85,WI
AL-27,MN
BL-28,MN
CP-59,MI
AP-64,WI
AG-53,MN
BE-69,WI
BR-46,MI
AS-49,MN
BM-68,WI
S-41,MN
BZ-68,WI
CB-73,WI
CN-29,MI
CO-53,MI
CS-70,WI
EZ-65,MI
O-29,MN
FL-79,MI
DD-51,MI
AR-27,MN
AV-64,WI
DE-76,WI
BF-69,WI
CM-67,WI
DQ-56,MI
EC-80,MI
BY-90,WI
CN-45,MI
AO-28,MN
AM-52,MN
AQ-25,MN
CW-57,MI
DN-60,MI
BT-67,WI
CN-67,WI
Z-56,MN
EE-80,MI
FJ-72,MI
ER-55,MI
EQ-77,MI
EB-86,MI
BJ-57,WI
CT-73,WI
DK-79,WI
CV-60,MI
EE-101,MI
BP-64,WI
CP-85,WI
BA-38,MN
EV-72,MI
AA-46,MN
BM-78,WI
EF-79,MI
BA-56,MN
BF-54,MN
ET-71,MI
BY-57,MI
CQ-80,WI
DC-65,WI
BE-64,WI
AW-62,WI
FF-83,MI
BA-63,WI
EX-84,MI
R-41,MN
AT-40,MN
AP-30,MN
M-34,MN
C-26,MN
AK-34,MN
CG-53,MI
M-10,MN
DE-55,MI
ED-82,MI
CZ-49,MI
EI-83,MI
EJ-54,MI
CA-74,WI
V-58,MN
AV-52,MN
AG-39,MN
BN-69,WI
AF-57,MN
BH-39,MN
DQ-59,MI
V-39,MN
DA-90,WI
CB-69,WI
CV-64,WI
ET-57,MI
EZ-74,MI
BQ-45,MN
O-52,MN
AX-30,MN
EP-66,MI
EM-69,MI
CM-83,WI
AL-41,MN
EJ-48,MI
DF-95,WI
AX-38,MN
M-50,MN
CD-62,MI
AQ-27,MN
CG-72,WI
CQ-60,MI
FM-82,MI
EE-56,MI
DG-53,MI
N-53,MN
DZ-98,MI
AL-53,MN
EL-51,MI
CT-42,MI
FF-68,MI
DR-68,MI
BZ-60,MI
AT-42,MN
FK-79,MI
CM-75,WI
AO-52,MN
R-28,MN
CJ-55,MI
BJ-50,WI
CX-77,WI
DK-57,MI
FF-79,MI
O-23,MN
EF-98,MI
CA-85,WI
AA-69,MN
DB-54,MI
AB-38,MN
DS-52,MI
AI-45,MN
AN-64,WI
AM-72,MN
CF-87,WI
P-54,MN
DO-69,MI
DR-54,MI
DB-82,WI
AX-59,WI
AK-38,MN
EL-70,MI
BP-76,WI
DT-60,MI
Z-41,MN
CF-65,WI
BJ-49,WI
BJ-81,WI
I-34,MN
EJ-56,MI
DX-100,MI
FH-88,MI
EV-62,MI
CH-84,WI
AD-25,MN
FH-82,MI
EE-75,MI
AT-48,MN
AE-25,MN
EV-58,MI
DJ-55,MI
FG-66,MI
AZ-30,MN
DC-75,WI
FE-79,MI
AG-65,MN
EP-61,MI
BK-80,WI
CO-65,WI
BG-74,WI
CS-55,MI
BL-27,MN
AI-69,MN
CU-72,WI
T-55,MN
BG-44,MN
AP-66,WI
T-45,MN
G-32,MN
EL-69,MI
ET-78,MI
M-17,MN
EE-83,MI
S-51,MN
J-12,MN
AZ-71,WI
Z-32,MN
EO-62,MI
ER-68,MI
BR-57,WI
EA-60,MI
DJ-65,WI
BY-75,WI
FD-77,MI
EW-65,MI
AE-71,MN
DZ-53,MI
CZ-69,WI
CU-83,WI
CM-71,WI
DL-66,WI
CJ-75,WI
EG-99,MI
DB-38,MI
P-23,MN
CM-81,WI
CX-71,WI
DF-66,WI
CZ-79,WI
CE-53,MI
BF-66,WI
BI-63,WI
AW-48,MN
EE-57,MI
AQ-33,MN
DI-52,MI
AY-73,WI
DH-61,MI
BA-30,MN
M-39,MN
AQ-35,MN
M-42,MN
CT-50,MI
BY-86,WI
K-47,MN
DF-99,WI
BR-32,MI
CB-76,WI
BZ-77,WI
J-16,MN
CE-72,WI
DJ-56,MI
CH-52,MI
BH-71,WI
CR-56,MI
BU-82,WI
AY-62,WI
AV-60,WI
BO-69,WI
DF-58,MI
EO-53,MI
AJ-59,MN
AH-64,MN
AF-39,MN
CC-55,MI
DZ-83,MI
BZ-63,MI
DM-62,WI
AL-36,MN
BL-53,WI
Z-29,MN
DD-92,WI
BQ-58,WI
AL-52,MN
CW-40,MI
EA-99,MI
DF-74,WI
BG-60,WI
CY-38,MI
AB-67,MN
CO-69,WI
BV-66,WI
EU-61,MI
ET-77,MI
CH-71,WI
J-46,MN
EI-49,MI
S-25,MN
AD-58,MN
EA-84,MI
DC-70,WI
G-16,MN
DI-89,WI
CV-66,WI
BH-35,MN
T-28,MN
CP-79,WI
Q-50,MN
BN-65,WI
AP-25,MN
CY-81,WI
BW-53,MI
BO-31,MN
BY-32,MI
EN-86,MI
CZ-67,WI
AF-51,MN
BI-80,WI
BT-90,WI
DO-53,MI
CF-55,MI
BE-31,MN
EF-48,MI
AJ-28,MN
BD-66,WI
CQ-89,WI
DM-55,MI
BR-60,WI
CZ-68,WI
EX-81,MI
CK-75,WI
CW-55,MI
BM-30,MN
S-49,MN
CO-60,MI
EM-98,MI
Y-38,MN
EN-53,MI
BR-78,WI
BL-67,WI
BV-76,WI
N-11,MN
AM-24,MN
P-44,MN
H-36,MN
DP-57,MI
AI-70,MN
CY-60,MI
AB-66,MN
FD-75,MI
AA-30,MN
AA-34,MN
EO-78,MI
AX-57,MN
CJ-56,MI
BN-60,WI
BW-65,WI
O-32,MN
EQ-80,MI
DF-56,MI
BD-61,WI
EM-55,MI
AG-62,MN
AV-78,WI
Q-30,MN
BP-46,MN
AH-68,MN
CE-82,WI
AV-72,WI
EI-88,MI
FD-66,MI
EN-69,MI
EN-68,MI
ED-53,MI
BC-62,WI
BQ-35,MN
BR-49,MI
N-20,MN
AW-58,WI
DZ-75,MI
CI-61,MI
BP-67,WI
CN-85,WI
AR-44,MN
DY-97,MI
DG-56,MI
AJ-33,MN
D-23,MN
CB-56,MI
BX-85,WI
CW-66,WI
AS-40,MN
DB-88,WI
FC-69,MI
BP-63,WI
AL-30,MN
EX-79,MI
J-17,MN
AP-27,MN
R-53,MN
EO-86,MI
AO-35,MN
EU-55,MI
R-38,MN
BJ-68,WI
EM-84,MI
FI-68,MI
AA-60,MN
CS-52,MI
BD-54,MN
AK-27,MN
CO-58,MI
BF-60,WI
BZ-52,MI
BN-35,MN
AS-73,WI
U-39,MN
BJ-29,MN
BX-87,WI
BD-69,WI
CI-32,MI
AM-62,MN
EP-78,MI
DU-56,MI
V-37,MN
BY-60,MI
AJ-53,MN
CI-70,WI
AS-41,MN
AN-51,MN
BX-84,WI
DH-56,MI
CK-49,MI
EW-84,MI
BC-30,MN
FB-89,MI
W-51,MN
DD-71,WI
DW-90,MI
BZ-78,WI
EG-89,MI
CG-80,WI
DQ-51,MI
AI-30,MN
FJ-69,MI
EL-96,MI
CB-49,MI
CU-58,MI
AM-39,MN
DD-56,MI
DA-57,MI
AZ-76,WI
CH-55,MI
AF-47,MN
Z-40,MN
AN-34,MN
DD-57,MI
BJ-61,WI
AZ-46,MN
BL-49,WI
AQ-63,WI
EP-62,MI
AT-41,MN
BB-59,WI
EE-91,MI
BA-47,MN
FM-79,MI
DU-58,MI
CB-63,MI
EO-50,MI
EU-62,MI
CT-79,WI
DW-56,MI
V-28,MN
ER-91,MI
CG-68,WI
CW-67,WI
BV-88,WI
AK-25,MN
AV-38,MN
DA-46,MI
AL-31,MN
BO-52,WI
BU-56,MI
DG-70,WI
CI-59,MI
Y-47,MN
BQ-50,WI
EO-76,MI
EU-52,MI
AZ-49,MN
AA-39,MN
AF-69,MN
O-39,MN
C-23,MN
CJ-73,WI
DF-102,WI
EV-68,MI
AU-60,WI
FC-56,MI
AZ-33,MN
AE-52,MN
BT-34,MI
EK-90,MI
AR-58,WI
AA-48,MN
L-27,MN
CH-33,MI
EQ-60,MI
CR-39,MI
CJ-72,WI
EP-101,MI
EJ-92,MI
BH-79,WI
V-48,MN
EV-78,MI
J-15,MN
EW-89,MI
BI-54,WI
AE-55,MN
DF-80,WI
EZ-71,MI
DJ-60,MI
BV-74,WI
DY-90,MI
DK-55,MI
FI-71,MI
AW-34,MN
FH-86,MI
DY-53,MI
BF-57,MN
DF-65,WI
AO-36,MN
DA-70,WI
S-40,MN
H-23,MN
AO-25,MN
CD-64,MI
EI-47,MI
EA-55,MI
CM-62,MI
EI-86,MI
G-35,MN
BU-64,MI
DD-93,WI
CF-53,MI
EV-66,MI
EA-87,MI
EW-48,MI
CA-60,MI
AF-46,MN
BI-50,WI
EK-93,MI
EN-59,MI
EL-49,MI
CV-83,WI
AD-32,MN
AY-49,MN
CO-54,MI
AF-25,MN
EV-81,MI
EY-68,MI
EB-52,MI
BF-78,WI
FC-70,MI
U-45,MN
AZ-41,MN
EX-51,MI
AY-60,WI
BX-52,MI
AU-63,WI
AT-69,WI
N-19,MN
E-17,MN
CV-67,WI
CG-62,MI
CD-54,MI
CP-28,MI
CD-55,MI
EF-101,MI
BC-73,WI
BC-52,MN
EF-86,MI
CO-61,MI
BJ-55,WI
CS-39,MI
CE-63,MI
AM-53,MN
AK-68,MN
FF-78,MI
BR-73,WI
CK-50,MI
CW-87,WI
DH-73,WI
EA-73,MI
AW-73,WI
AD-28,MN
BI-40,MN
AX-71,WI
DH-68,WI
BF-55,MN
P-18,MN
EH-77,MI
AS-63,WI
DE-81,WI
EP-58,MI
FH-74,MI
DD-69,WI
BK-64,WI
AR-36,MN
AU-32,MN
CO-73,WI
CX-69,WI
BS-32,MI
BB-47,MN
CW-73,WI
M-30,MN
AM-68,MN
D-27,MN
EM-88,MI
AI-25,MN
BP-35,MN
O-35,MN
AW-43,MN
CY-47,MI
BH-61,WI
AG-70,MN
R-40,MN
P-22,MN
CM-59,MI
EJ-72,MI
T-46,MN
DH-70,WI
CF-59,MI
BK-30,MN
AI-35,MN
AZ-62,WI
FJ-68,MI
CI-64,WI
CY-88,WI
EV-61,MI
FF-55,MI
BF-32,MN
BL-57,WI
BU-67,WI
BW-33,MI
AW-51,MN
AX-41,MN
DG-59,MI
EV-89,MI
ES-63,MI
CL-69,WI
BM-32,MN
M-26,MN
AQ-68,WI
R-57,MN
AH-32,MN
EL-99,MI
AY-64,WI
CA-54,MI
DG-74,WI
CP-64,WI
ET-98,MI
Z-62,MN
DC-37,MI
BA-72,WI
EP-88,MI
CK-46,MI
DX-56,MI
D-25,MN
S-52,MN
DF-57,MI
BP-70,WI
FI-74,MI
BH-54,MN
BH-69,WI
M-52,MN
CA-90,WI
AS-59,WI
AZ-74,WI
EG-92,MI
CT-57,MI
EL-50,MI
FB-65,MI
CC-73,WI
AO-46,MN
DG-79,WI
DZ-88,MI
CO-26,MI
BC-54,MN
X-45,MN
BT-46,MI
AN-68,WI
BG-69,WI
AT-68,WI
DA-84,WI
Y-66,MN
Q-37,MN
AD-29,MN
EJ-90,MI
CI-69,WI
BR-75,WI
CY-39,MI
ER-63,MI
AV-27,MN
A-23,MN
AP-41,MN
CE-66,WI
AA-32,MN
CQ-87,WI
U-43,MN
BU-31,MI
CA-83,WI
AF-22,MN
BJ-51,WI
ER-82,MI
EC-63,MI
X-31,MN
CU-39,MI
CC-74,WI
W-52,MN
CH-51,MI
FC-57,MI
AA-54,MN
J-41,MN
AC-48,MN
EW-66,MI
FB-55,MI
AT-27,MN
P-32,MN
EC-54,MI
BF-36,MN
V-55,MN
N-51,MN
DG-69,WI
DZ-99,MI
BR-55,WI
Q-29,MN
G-19,MN
DX-92,MI
BI-59,WI
CF-73,WI
EB-73,MI
CW-72,WI
BI-49,WI
DV-57,MI
EQ-81,MI
I-40,MN
DX-50,MI
EV-92,MI
DI-53,MI
AI-56,MN
CA-66,WI
CX-65,WI
BN-59,WI
AJ-29,MN
CA-68,WI
AJ-24,MN
M-32,MN
Q-52,MN
BB-65,WI
CJ-49,MI
DA-49,MI
AN-72,MN
EP-96,MI
FA-77,MI
AQ-69,WI
AM-49,MN
BQ-78,WI
DC-77,WI
EJ-50,MI
EZ-57,MI
BC-59,WI
CQ-85,WI
BJ-56,WI
S-22,MN
EM-53,MI
U-21,MN
CZ-91,WI
H-32,MN
EJ-94,MI
EL-93,MI
AO-71,WI
CB-70,WI
N-27,MN
BT-77,WI
I-44,MN
DM-57,MI
AA-42,MN
CE-70,WI
CL-72,WI
CT-80,WI
FB-82,MI
AP-40,MN
CQ-70,WI
BT-85,WI
CM-44,MI
AF-26,MN
CT-56,MI
AJ-67,MN
EF-50,MI
AL-43,MN
BL-51,WI
AJ-26,MN
AJ-41,MN
BL-30,MN
V-56,MN
FE-87,MI
AA-24,MN
BR-69,WI
AQ-36,MN
BM-57,WI
CG-78,WI
DW-52,MI
BI-60,WI
BZ-62,MI
AP-43,MN
DH-88,WI
AU-38,MN
CI-60,MI
CJ-57,MI
DG-51,MI
U-33,MN
AU-58,WI
DA-61,MI
FE-67,MI
AZ-48,MN
DO-61,MI
AU-34,MN
BJ-34,MN
Q-55,MN
CN-80,WI
BV-77,WI
O-47,MN
CX-80,WI
CW-64,WI
Q-54,MN
AV-47,MN
CC-82,WI
CD-79,WI
BL-52,WI
DR-55,MI
DP-70,MI
FA-88,MI
CP-63,MI
CD-88,WI
EE-90,MI
H-43,MN
BN-80,WI
EG-94,MI
AH-24,MN
AI-71,MN
ER-74,MI
BJ-36,MN
R-43,MN
AO-50,MN
DS-54,MI
EQ-86,MI
EW-54,MI
AV-71,WI
AT-58,WI
BE-72,WI
EB-88,MI
BT-60,MI
EB-99,MI
DD-62,MI
AQ-37,MN
DN-59,MI
DD-59,MI
BG-72,WI
FE-76,MI
DJ-61,MI
EJ-93,MI
DG-80,WI
L-36,MN
Z-27,MN
BO-37,MN
BE-41,MN
V-45,MN
BF-62,WI
CD-83,WI
CJ-82,WI
K-29,MN
Y-52,MN
BZ-82,WI
Q-56,MN
DF-98,WI
EH-54,MI
AB-40,MN
CK-55,MI
CZ-61,MI
BY-61,MI
S-54,MN
BV-31,MI
CV-81,WI
BX-77,WI
FB-85,MI
EI-80,MI
AG-37,MN
EC-98,MI
BO-33,MN
EH-72,MI
AK-40,MN
AT-70,WI
CZ-87,WI
AU-52,MN
BR-59,WI
AM-57,MN
CM-53,MI
EO-83,MI
CY-55,MI
X-49,MN
EO-58,MI
EO-70,MI
CT-63,MI
BM-73,WI
DK-56,MI
DX-60,MI
EJ-95,MI
BZ-73,WI
Q-35,MN
AY-43,MN
BI-36,MN
DS-51,MI
BN-50,WI
AX-55,MN
EG-81,MI
BP-72,WI
EC-94,MI
FA-65,MI
AS-70,WI
BV-69,WI
BB-33,MN
X-41,MN
BR-58,WI
BC-57,WI
CO-44,MI
J-13,MN
BH-59,WI
DC-71,WI
CY-85,WI
ET-70,MI
DS-53,MI
BE-40,MN
DR-59,MI
BT-66,WI
BM-76,WI
DF-72,WI
FD-87,MI
EF-47,MI
W-46,MN
AR-60,WI
AX-68,WI
AA-40,MN
CY-45,MI
CO-42,MI
L-11,MN
DM-76,WI
EE-62,MI
AD-33,MN
CT-43,MI
ES-92,MI
AW-60,WI
BK-49,WI
K-15,MN
EE-93,MI
Z-66,MN
AU-43,MN
V-35,MN
EC-88,MI
DH-82,WI
AM-31,MN
CT-40,MI
EV-69,MI
BP-48,WI
L-15,MN
AE-44,MN
AJ-52,MN
FL-84,MI
EB-58,MI
AB-61,MN
BO-53,WI
DQ-61,MI
FL-76,MI
AR-67,WI
BS-67,WI
AF-40,MN
AA-53,MN
AK-57,MN
O-14,MN
BS-65,WI
BL-39,MN
EO-66,MI
CP-56,MI
FJ-79,MI
BE-66,WI
Q-24,MN
CU-67,WI
DI-83,WI
AV-30,MN
DB-69,WI
AP-48,MN
AE-63,MN
EE-77,MI
AZ-64,WI
CS-49,MI
EU-90,MI
BV-82,WI
AL-73,MN
W-48,MN
W-38,MN
AF-55,MN
BP-71,WI
DL-57,MI
AB-39,MN
EQ-94,MI
Z-24,MN
EX-74,MI
DG-67,WI
CD-56,MI
EL-56,MI
AN-60,WI
DG-75,WI
ED-51,MI
CW-68,WI
AE-31,MN
DH-52,MI
FD-56,MI
CP-78,WI
ER-78,MI
T-26,MN
CH-61,MI
CS-84,WI
CQ-86,WI
AL-42,MN
FC-88,MI
BI-78,WI
DU-52,MI
BW-30,MI
BM-66,WI
CC-69,WI
BD-74,WI
EJ-73,MI
CZ-84,WI
DJ-82,WI
ER-54,MI
AD-61,MN
FI-72,MI
U-56,MN
AW-59,WI
FG-85,MI
CX-63,WI
AS-34,MN
S-44,MN
DB-65,WI
CL-77,WI
BK-31,MN
BW-64,MI
AX-75,WI
AB-29,MN
FB-77,MI
BC-47,MN
CS-57,MI
CL-50,MI
L-24,MN
EK-80,MI
W-39,MN
FA-87,MI
X-43,MN
DQ-65,MI
BB-39,MN
FG-73,MI
DT-57,MI
CC-58,MI
AG-48,MN
AI-62,MN
AN-37,MN
BI-65,WI
DL-65,WI
CU-47,MI
EB-56,MI
BV-32,MI
CN-44,MI
AI-27,MN
EF-51,MI
AL-58,MN
CV-46,MI
DB-58,MI
CP-69,WI
FM-76,MI
BX-66,WI
EC-79,MI
AC-55,MN
AV-34,MN
FB-80,MI
CK-51,MI
CA-70,WI
CS-89,WI
DD-90,WI
AH-37,MN
CL-48,MI
CC-67,WI
DD-97,WI
DL-78,WI
DE-67,WI
CM-27,MI
AX-74,WI
T-51,MN
AO-23,MN
DI-87,WI
DA-63,WI
AJ-40,MN
V-62,MN
CX-58,MI
G-20,MN
EX-53,MI
D-26,MN
CL-83,WI
AA-56,MN
Q-36,MN
AP-68,WI
AI-26,MN
CF-76,WI
BN-48,WI
EN-75,MI
EV-93,MI
AG-61,MN
BH-37,MN
CV-52,MI
CB-52,MI
FI-70,MI
M-49,MN
CU-42,MI
EN-63,MI
CR-84,WI
AL-66,MN
FA-68,MI
CP-86,WI
DZ-81,MI
CP-52,MI
EP-49,MI
X-39,MN
EP-77,MI
EX-54,MI
ER-81,MI
BG-63,WI
FE-84,MI
AI-48,MN
FC-55,MI
BR-29,MI
CJ-32,MI
EQ-50,MI
AM-48,MN
CH-66,WI
ES-86,MI
CL-62,MI
DE-49,MI
AM-41,MN
DB-48,MI
AV-49,MN
DG-55,MI
Z-67,MN
AD-24,MN
EG-84,MI
BP-55,WI
DE-58,MI
FF-74,MI
CO-27,MI
CU-53,MI
ER-70,MI
DC-64,WI
AQ-50,MN
EU-58,MI
CN-57,MI
J-47,MN
AL-64,MN
V-43,MN
DW-60,MI
EW-73,MI
AY-53,MN
DZ-97,MI
EL-90,MI
EP-80,MI
BO-54,WI
BU-69,WI
DV-56,MI
CA-53,MI
DF-63,WI
AB-42,MN
DP-64,MI
AR-66,WI
U-23,MN
BE-75,WI
AW-36,MN
Z-54,MN
CG-56,MI
CK-71,WI
FD-83,MI
V-57,MN
CT-88,WI
P-53,MN
AJ-55,MN
BH-64,WI
O-53,MN
EV-55,MI
AT-38,MN
K-35,MN
CQ-41,MI
DB-53,MI
CD-72,WI
CU-60,MI
BA-40,MN
AT-50,MN
EK-50,MI
S-36,MN
U-59,MN
J-45,MN
FD-86,MI
M-44,MN
AH-49,MN
BW-57,MI
CH-49,MI
BS-29,MI
EI-90,MI
AY-35,MN
ET-51,MI
Y-55,MN
AC-44,MN
AY-63,WI
AC-58,MN
FH-79,MI
BN-34,MN
BV-62,MI
BW-32,MI
BW-54,MI
BB-75,WI
CR-62,MI
CD-71,WI
BK-65,WI
CJ-60,MI
AX-56,MN
BP-79,WI
AK-51,MN
CO-43,MI
BO-66,WI
AW-50,MN
EW-68,MI
BH-63,WI
X-63,MN
AX-62,WI
DD-76,WI
CQ-74,WI
BI-75,WI
FB-57,MI
AS-51,MN
EG-46,MI
DN-52,MI
AX-46,MN
EY-56,MI
AP-31,MN
ET-85,MI
CQ-54,MI
BL-82,WI
EJ-99,MI
CT-68,WI
AT-56,MN
CH-85,WI
DD-49,MI
BP-30,MN
DM-61,MI
DZ-82,MI
DE-62,WI
AZ-37,MN
DV-52,MI
AK-45,MN
ET-73,MI
BH-74,WI
BD-38,MN
N-37,MN
CD-75,WI
FH-67,MI
L-12,MN
AC-33,MN
AA-68,MN
BR-54,WI
FJ-78,MI
DX-59,MI
AZ-55,MN
AR-70,WI
T-38,MN
AD-52,MN
AD-44,MN
ET-64,MI
AI-31,MN
X-44,MN
T-29,MN
K-52,MN
EH-49,MI
AJ-64,MN
AD-38,MN
CI-51,MI
EV-52,MI
AF-35,MN
EF-62,MI
BW-72,WI
EV-91,MI
DH-54,MI
DF-69,WI
AQ-30,MN
CK-86,WI
CR-71,WI
N-43,MN
EA-89,MI
CK-54,MI
CL-53,MI
DQ-60,MI
EE-63,MI
CO-46,MI
ET-69,MI
AN-48,MN
FA-55,MI
BA-37,MN
DK-80,WI
EB-94,MI
BF-58,WI
BJ-31,MN
BW-31,MI
EV-90,MI
EY-54,MI
Z-53,MN
DL-77,WI
AE-34,MN
AQ-73,WI
AR-41,MN
CN-58,MI
CT-39,MI
CZ-54,MI
CQ-55,MI
B-23,MN
AJ-31,MN
CY-74,WI
CN-59,MI
DB-92,WI
BK-66,WI
CM-28,MI
J-24,MN
DP-53,MI
AK-23,MN
CJ-70,WI
ER-52,MI
Z-55,MN
DT-55,MI
EM-99,MI
BY-88,WI
EO-75,MI
AD-48,MN
AZ-28,MN
L-14,MN
CU-81,WI
CI-66,WI
EP-100,MI
AY-33,MN
EQ-83,MI
H-27,MN
BP-61,WI
BQ-76,WI
BQ-63,WI
EN-93,MI
EX-90,MI
BW-68,WI
AH-51,MN
CS-61,MI
EA-75,MI
AC-67,MN
DC-57,MI
Q-41,MN
DV-54,MI
AT-33,MN
EY-64,MI
EI-89,MI
CO-57,MI
CH-56,MI
BF-30,MN
CT-89,WI
AD-36,MN
EL-46,MI
R-58,MN
FL-80,MI
BE-37,MN
CA-57,MI
M-12,MN
CF-70,WI
BE-68,WI
EO-79,MI
U-30,MN
I-42,MN
AI-36,MN
CP-62,MI
AX-53,MN
CQ-88,WI
CL-64,WI
EX-57,MI
ET-87,MI
CU-51,MI
BS-85,WI
AE-27,MN
R-22,MN
T-32,MN
DK-51,MI
EG-52,MI
BR-66,WI
CZ-38,MI
CR-63,MI
CO-72,WI
AR-51,MN
EY-82,MI
EL-76,MI
BB-76,WI
CV-76,WI
CZ-62,MI
CQ-59,MI
FA-71,MI
CR-51,MI
DA-85,WI
J-42,MN
K-20,MN
CP-80,WI
EH-95,MI
CO-83,WI
AB-72,MN
Z-47,MN
EB-80,MI
K-24,MN
EN-76,MI
AR-68,WI
AA-28,MN
CS-71,WI
DC-74,WI
AX-61,WI
FD-74,MI
CQ-52,MI
EM-68,MI
CQ-81,WI
AX-67,WI
AJ-23,MN
FE-54,MI
J-30,MN
BO-55,WI
M-37,MN
AC-50,MN
AK-58,MN
AC-28,MN
O-19,MN
FB-84,MI
S-46,MN
BE-53,MN
DP-59,MI
EF-91,MI
M-13,MN
G-22,MN
AE-65,MN
DX-91,MI
AY-36,MN
AX-26,MN
AF-70,MN
EG-74,MI
AH-40,MN
BM-48,WI
M-25,MN
AS-76,WI
EQ-76,MI
CQ-62,MI
I-35,MN
ED-81,MI
L-42,MN
DH-53,MI
DQ-54,MI
CQ-61,MI
BW-89,WI
AR-61,WI
AX-47,MN
EQ-74,MI
DB-61,MI
AX-65,WI
AD-65,MN
AW-57,MN
U-53,MN
CW-62,MI
CN-78,WI
BY-85,WI
EJ-79,MI
AP-44,MN
AX-48,MN
BI-57,WI
BT-87,WI
CI-57,MI
I-31,MN
CF-77,WI
EO-65,MI
EK-81,MI
AC-51,MN
FK-70,MI
AV-48,MN
DK-76,WI
BS-57,MI
DE-77,WI
DE-88,WI
BF-56,MN
EA-80,MI
CG-50,MI
AV-31,MN
EW-86,MI
ER-95,MI
CX-89,WI
K-31,MN
Q-26,MN
Y-62,MN
EE-103,MI
DT-54,MI
CW-71,WI
AK-42,MN
BX-64,MI
EF-87,MI
CW-49,MI
BO-49,WI
DB-49,MI
CU-57,MI
EZ-87,MI
EU-63,MI
CA-73,WI
EB-93,MI
FD-80,MI
DI-54,MI
BD-63,WI
BU-59,MI
N-49,MN
CF-49,MI
AO-38,MN
BZ-30,MI
CI-76,WI
CB-90,WI
W-41,MN
AN-56,MN
BP-69,WI
AT-53,MN
BY-67,WI
BG-43,MN
DG-73,WI
EU-81,MI
DM-71,WI
AV-42,MN
EQ-52,MI
V-41,MN
AD-64,MN
AW-52,MN
BH-50,WI
V-59,MN
BB-45,MN
EH-53,MI
AB-30,MN
BZ-79,WI
E-26,MN
DA-65,WI
EW-67,MI
DG-89,WI
CP-54,MI
CF-88,WI
EU-68,MI
BI-29,MN
ED-93,MI
BG-71,WI
AX-73,WI
V-36,MN
S-35,MN
AF-27,MN
CB-80,WI
BY-89,WI
BF-71,WI
AK-65,MN
S-24,MN
G-26,MN
CN-52,MI
FD-89,MI
CG-32,MI
EN-55,MI
AZ-32,MN
BQ-67,WI
EM-80,MI
DF-87,WI
BA-39,MN
BR-35,MI
AD-66,MN
DF-84,WI
FG-56,MI
DH-66,WI
CV-59,MI
CI-31,MI
AF-45,MN
BA-75,WI
H-22,MN
DH-67,WI
CG-64,WI
CE-64,WI
FH-69,MI
EM-76,MI
AD-50,MN
I-23,MN
BO-83,WI
CQ-46,MI
DJ-68,WI
FB-69,MI
BZ-81,WI
FE-82,MI
EF-85,MI
BF-63,WI
ET-82,MI
EJ-55,MI
ES-56,MI
ED-78,MI
BO-70,WI
Y-31,MN
EJ-96,MI
AQ-29,MN
EH-46,MI
DP-61,MI
BG-30,MN
AI-65,MN
W-54,MN
DB-87,WI
EI-61,MI
EL-54,MI
Y-49,MN
CR-78,WI
AA-25,MN
BF-42,MN
CK-53,MI
BL-33,MN
DH-85,WI
DA-38,MI
FJ-86,MI
DE-89,WI
Z-60,MN
X-46,MN
CQ-53,MI
M-54,MN
K-17,MN
EO-94,MI
S-53,MN
CW-89,WI
CM-45,MI
ES-81,MI
CG-75,WI
AZ-34,MN
O-21,MN
EH-99,MI
EB-78,MI
EK-88,MI
CL-81,WI
BL-55,WI
AN-24,MN
CN-76,WI
BM-83,WI
BH-70,WI
BQ-31,MN
EF-56,MI
DN-64,MI
AD-55,MN
L-44,MN
EC-99,MI
BD-57,MN
DH-62,MI
I-41,MN
BF-74,WI
BP-84,WI
EP-87,MI
AU-47,MN
BG-77,WI
EJ-71,MI
AV-44,MN
AC-30,MN
N-23,MN
DY-95,MI
EN-91,MI
BM-70,WI
ES-83,MI
CG-66,WI
F-28,MN
EP-92,MI
BT-82,WI
DX-99,MI
DB-79,WI
AM-27,MN
AY-69,WI
EQ-100,MI
CF-85,WI
CQ-82,WI
BL-36,MN
AH-43,MN
FI-76,MI
CA-49,MI
CW-47,MI
AF-42,MN
FA-86,MI
FJ-76,MI
CM-50,MI
R-21,MN
EI-84,MI
DC-61,MI
CE-79,WI
CT-58,MI
W-63,MN
CY-59,MI
AU-78,WI
V-24,MN
DF-73,WI
AY-77,WI
CX-39,MI
DW-55,MI
BF-51,MN
CV-41,MI
ER-93,MI
FL-83,MI
BU-90,WI
EC-51,MI
AH-63,MN
BP-50,WI
ER-58,MI
BK-72,WI
DQ-53,MI
EA-78,MI
BK-75,WI
BH-31,MN
BV-30,MI
V-25,MN
AB-44,MN
FK-83,MI
EO-73,MI
EV-70,MI
EN-50,MI
DD-60,MI
EE-61,MI
ER-98,MI
EW-52,MI
CS-78,WI
X-54,MN
CC-60,MI
EO-67,MI
EW-53,MI
ED-77,MI
CH-50,MI
V-44,MN
AY-46,MN
BH-33,MN
CS-88,WI
L-20,MN
CD-50,MI
T-58,MN
AX-49,MN
BW-81,WI
N-40,MN
BC-76,WI
FE-77,MI
EM-97,MI
AR-28,MN
H-17,MN
CG-65,WI
EV-67,MI
AT-46,MN
O-18,MN
EA-91,MI
EQ-78,MI
CU-64,WI
EE-78,MI
AI-67,MN
CZ-48,MI
BN-29,MN
Z-68,MN
AQ-72,WI
CA-30,MI
CC-78,WI
CT-70,WI
DG-58,MI
EO-91,MI
DP-55,MI
CZ-37,MI
AN-31,MN
AE-42,MN
BI-69,WI
BD-44,MN
DP-56,MI
AP-26,MN
AC-36,MN
EP-68,MI
AY-75,WI
CO-87,WI
EX-80,MI
DV-50,MI
BF-76,WI
DS-64,MI
AK-47,MN
AY-57,MN
DX-57,MI
AI-68,MN
EG-75,MI
BF-52,MN
BY-65,WI
DO-62,MI
EG-63,MI
DI-63,WI
BL-31,MN
I-38,MN
AV-77,WI
EZ-77,MI
BU-72,WI
ES-88,MI
BN-30,MN
BZ-53,MI
AK-62,MN
I-47,MN
EQ-56,MI
CU-38,MI
CT-85,WI
FH-80,MI
CP-66,WI
BT-59,MI
AG-38,MN
CV-47,MI
Y-51,MN
AD-71,MN
Y-25,MN
N-35,MN
FJ-81,MI
EB-96,MI
EK-85,MI
BQ-49,WI
EU-57,MI
AQ-51,MN
J-35,MN
EZ-82,MI
Y-23,MN
AB-49,MN
EF-52,MI
DI-69,WI
BJ-35,MN
FK-73,MI
FH-76,MI
Z-30,MN
EM-91,MI
BK-81,WI
DY-59,MI
CJ-54,MI
CS-72,WI
CF-67,WI
CP-46,MI
CT-82,WI
AI-33,MN
ED-62,MI
CQ-56,MI
AY-74,WI
DG-50,MI
EN-77,MI
DE-71,WI
AA-72,MN
EE-59,MI
Y-54,MN
R-36,MN
BS-76,WI
BO-36,MN
DB-51,MI
EC-67,MI
CR-46,MI
CS-83,WI
DE-90,WI
AS-52,MN
O-33,MN
AO-73,WI
CS-54,MI
ES-76,MI
FD-70,MI
BG-40,MN
CG-81,WI
BG-70,WI
BH-75,WI
DQ-52,MI
CJ-48,MI
EI-75,MI
EL-87,MI
FA-89,MI
D-24,MN
AO-60,WI
FK-68,MI
AV-55,MN
BT-62,MI
BS-64,WI
EG-64,MI
AJ-62,MN
BB-44,MN
CU-54,MI
AE-33,MN
EU-85,MI
AZ-54,MN
AG-42,MN
CL-74,WI
DD-87,WI
DO-51,MI
AE-30,MN
X-37,MN
BL-58,WI
EM-73,MI
FC-82,MI
BV-53,MI
CL-30,MI
BF-35,MN
AJ-35,MN
CD-80,WI
CX-67,WI
AC-42,MN
BC-39,MN
F-30,MN
FK-75,MI
N-16,MN
EU-49,MI
CR-61,MI
CT-75,WI
BT-35,MI
DZ-54,MI
AI-37,MN
EJ-88,MI
BO-51,WI
EX-88,MI
CK-72,WI
BU-74,WI
CM-65,WI
CV-49,MI
O-15,MN
AE-47,MN
CC-62,MI
EQ-70,MI
CO-88,WI
DI-67,WI
EN-54,MI
AV-74,WI
BS-60,WI
CB-61,MI
EM-95,MI
DA-53,MI
EL-45,MI
FG-79,MI
DG-97,WI
BT-88,WI
EQ-91,MI
AC-45,MN
Y-40,MN
U-44,MN
EL-73,MI
X-24,MN
AM-65,MN
BG-42,MN
AZ-42,MN
CB-74,WI
I-36,MN
AP-58,WI
CM-87,WI
FB-81,MI
BM-59,WI
AZ-61,WI
BX-90,WI
EL-92,MI
AC-60,MN
AN-43,MN
EC-76,MI
CY-62,MI
CF-71,WI
DI-84,WI
CL-86,WI
BT-78,WI
CP-73,WI
EM-90,MI
DE-98,WI
CH-64,WI
BX-60,MI
O-31,MN
Q-21,MN
FF-80,MI
AO-32,MN
BG-50,MN
DL-54,MI
AP-32,MN
FC-89,MI
AL-28,MN
CV-68,WI
BM-34,MN
EF-83,MI
AR-48,MN
CR-25,MI
AL-24,MN
EO-59,MI
CX-84,WI
AD-57,MN
EX-82,MI
DE-59,MI
BQ-54,WI
FE-89,MI
V-34,MN
BE-55,MN
C-22,MN
AO-48,MN
AY-52,MN
CM-29,MI
ES-78,MI
BU-86,WI
DA-77,WI
AT-55,MN
Y-67,MN
CT-54,MI
CS-85,WI
CO-77,WI
BC-67,WI
BC-35,MN
AM-67,MN
BX-53,MI
AA-70,MN
CQ-51,MI
ET-99,MI
CU-46,MI
EH-102,MI
BM-33,MN
S-31,MN
ES-97,MI
AT-57,MN
L-33,MN
FK-82,MI
EK-86,MI
EA-96,MI
FK-74,MI
EO-61,MI
EP-57,MI
FL-73,MI
L-52,MN
EO-72,MI
DZ-85,MI
AD-67,MN
AF-71,MN
BX-30,MI
AA-26,MN
DT-53,MI
N-39,MN
BR-74,WI
ES-52,MI
AA-45,MN
AS-64,WI
FJ-70,MI
BP-33,MN
AD-56,MN
CF-86,WI
FD-71,MI
FH-83,MI
CL-67,WI
EJ-74,MI
DI-90,WI
BA-67,WI
BY-78,WI
DY-81,MI
AV-68,WI
AU-76,WI
EG-91,MI
CW-59,MI
AM-23,MN
CW-82,WI
EO-69,MI
EL-84,MI
EJ-46,MI
CJ-68,WI
DK-58,MI
AM-56,MN
DC-78,WI
AZ-44,MN
AF-24,MN
DE-85,WI
CF-57,MI
EF-94,MI
EG-50,MI
BH-60,WI
DT-64,MI
CO-76,WI
N-47,MN
CM-85,WI
F-21,MN
BV-80,WI
EM-81,MI
S-33,MN
EG-102,MI
CR-54,MI
AU-62,WI
FC-76,MI
EL-68,MI
CN-77,WI
EI-81,MI
CN-70,WI
BM-82,WI
DH-92,WI
BS-47,MI
BD-70,WI
CW-86,WI
EK-77,MI
DH-91,WI
CP-74,WI
BP-31,MN
AV-59,WI
AD-53,MN
CO-66,WI
O-43,MN
CY-75,WI
DC-59,MI
ES-99,MI
AZ-35,MN
AY-41,MN
DJ-83,WI
CO-49,MI
BQ-53,WI
CN-65,WI
EA-86,MI
BF-39,MN
I-43,MN
FC-67,MI
CD-63,MI
EM-66,MI
EN-84,MI
O-41,MN
CS-47,MI
DU-57,MI
CT-78,WI
EP-60,MI
BX-57,MI
BX-67,WI
CN-68,WI
T-47,MN
BK-57,WI
CX-82,WI
DN-63,MI
CS-58,MI
AL-63,MN
BM-55,WI
T-23,MN
DF-92,WI
ER-71,MI
AO-31,MN
AB-45,MN
BW-73,WI
CO-55,MI
EG-61,MI
EP-52,MI
W-24,MN
EZ-83,MI
AM-25,MN
AU-40,MN
CQ-45,MI
BX-70,WI
AO-44,MN
U-42,MN
DB-72,WI
BQ-74,WI
EA-72,MI
AL-48,MN
N-55,MN
AC-64,MN
BR-68,WI
BO-34,MN
CT-38,MI
BV-63,MI
Y-28,MN
BB-41,MN
BF-67,WI
AV-35,MN
AF-36,MN
BH-42,MN
AN-28,MN
CD-52,MI
CO-28,MI
AD-45,MN
CD-84,WI
AY-72,WI
BV-67,WI
CH-68,WI
EP-84,MI
DC-94,WI
AE-67,MN
EG-103,MI
U-47,MN
DP-51,MI
M-21,MN
AF-72,MN
CW-88,WI
DF-81,WI
AV-46,MN
CK-47,MI
BX-86,WI
AH-69,MN
AV-58,WI
BC-31,MN
DY-96,MI
FL-75,MI
CC-30,MI
DG-68,WI
X-55,MN
AV-33,MN
CV-80,WI
CD-82,WI
CG-70,WI
DH-86,WI
EK-78,MI
EF-73,MI
CV-51,MI
EL-53,MI
BE-34,MN
AP-74,WI
BU-76,WI
DX-98,MI
CB-79,WI
CX-59,MI
AE-57,MN
DZ-95,MI
CX-62,MI
EB-51,MI
EG-90,MI
FC-85,MI
AU-66,WI
DZ-49,MI
EB-53,MI
BU-71,WI
AB-71,MN
DB-50,MI
CT-51,MI
BA-54,MN
CL-78,WI
CP-50,MI
AX-27,MN
BX-81,WI
CG-52,MI
AG-59,MN
BF-70,WI
BL-29,MN
BL-61,WI
FC-81,MI
AI-72,MN
DL-63,WI
BG-62,WI
CO-75,WI
CN-56,MI
CG-67,WI
CV-69,WI
O-22,MN
CR-85,WI
DX-96,MI
ER-72,MI
CI-63,MI
AC-40,MN
AE-72,MN
CV-57,MI
BD-75,WI
H-46,MN
EW-71,MI
Y-58,MN
AS-60,WI
CW-46,MI
EE-86,MI
BK-62,WI
BL-81,WI
EC-93,MI
CB-53,MI
AD-47,MN
CY-56,MI
AM-71,MN
BV-75,WI
BQ-77,WI
AX-34,MN
EV-87,MI
ED-58,MI
BB-58,WI
Z-36,MN
EL-89,MI
BX-54,MI
EW-87,MI
BM-50,WI
FD-88,MI
CF-80,WI
AL-46,MN
BC-38,MN
AR-49,MN
CC-65,WI
CW-85,WI
AR-64,WI
CJ-50,MI
Y-42,MN
EJ-100,MI
DG-81,WI
CF-79,WI
EB-48,MI
ES-82,MI
AA-43,MN
CS-64,WI
FM-77,MI
BU-54,MI
DA-89,WI
EB-81,MI
BW-63,MI
CB-31,MI
N-48,MN
AK-50,MN
AX-31,MN
BC-46,MN
BS-48,MI
AT-67,WI
AN-67,WI
CE-81,WI
DN-58,MI
AK-22,MN
DZ-93,MI
AS-35,MN
FF-77,MI
BS-34,MI
AP-29,MN
BG-51,MN
Q-39,MN
FD-57,MI
FD-73,MI
DJ-80,WI
DC-84,WI
E-16,MN
AN-40,MN
EC-58,MI
AG-43,MN
CA-65,WI
DD-48,MI
BU-87,WI
AH-57,MN
DE-69,WI
CX-64,WI
AE-48,MN
W-45,MN
AX-77,WI
CV-89,WI
EB-100,MI
CM-69,WI
EP-97,MI
CR-47,MI
K-21,MN
CB-59,MI
AN-29,MN
EM-86,MI
AQ-32,MN
AP-62,WI
DC-51,MI
BV-84,WI
CZ-65,WI
F-20,MN
ET-72,MI
CM-55,MI
BM-54,WI
BG-64,WI
Z-43,MN
AL-59,MN
CG-61,MI
EN-74,MI
AH-47,MN
CZ-56,MI
R-35,MN
BD-55,MN
AP-36,MN
CE-77,WI
CZ-53,MI
AI-47,MN
DF-100,WI
AB-41,MN
F-29,MN
AA-55,MN
EA-74,MI
CI-71,WI
EW-82,MI
N-29,MN
K-41,MN
DG-54,MI
FC-78,MI
DG-102,WI
BM-75,WI
DI-68,WI
DF-93,WI
AL-51,MN
AA-71,MN
CM-70,WI
DX-51,MI
CA-62,MI
ES-50,MI
DG-94,WI
EB-89,MI
M-22,MN
BY-72,WI
AK-28,MN
L-41,MN
EU-89,MI
BN-51,WI
BG-33,MN
AL-29,MN
EH-56,MI
AP-37,MN
AK-41,MN
CB-78,WI
CT-44,MI
AW-44,MN
R-55,MN
EC-96,MI
BF-38,MN
BJ-52,WI
DR-61,MI
R-34,MN
AQ-61,WI
CQ-75,WI
DC-87,WI
AV-39,MN
EI-95,MI
EL-65,MI
AW-71,WI
V-27,MN
AK-52,MN
Y-65,MN
AH-29,MN
BC-45,MN
L-21,MN
EK-69,MI
AS-43,MN
DV-59,MI
CI-47,MI
FF-84,MI
ER-62,MI
S-28,MN
P-51,MN
DV-58,MI
BF-53,MN
AT-66,WI
EO-84,MI
CX-37,MI
EL-72,MI
S-42,MN
Q-42,MN
FJ-84,MI
BV-70,WI
AN-45,MN
CK-64,WI
EO-99,MI
EM-89,MI
AO-29,MN
ET-86,MI
EV-85,MI
AG-28,MN
CA-71,WI
BA-36,MN
AB-60,MN
EP-59,MI
I-25,MN
DJ-52,MI
BW-59,MI
AG-30,MN
DG-95,WI
DI-71,WI
DH-79,WI
EE-85,MI
O-40,MN
EF-100,MI
BQ-81,WI
EI-91,MI
DE-87,WI
BK-34,MN
ED-80,MI
ET-67,MI
CL-61,MI
M-28,MN
AY-61,WI
CM-61,MI
U-26,MN
EY-78,MI
EN-96,MI
CN-86,WI
EA-101,MI
CL-79,WI
DK-67,WI
AM-28,MN
AN-41,MN
CL-45,MI
BM-71,WI
EG-78,MI
BA-29,MN
CF-56,MI
CS-48,MI
AN-59,WI
BZ-58,MI
AD-46,MN
CM-52,MI
P-28,MN
DJ-58,MI
AU-41,MN
BZ-71,WI
EP-53,MI
EK-76,MI
AD-68,MN
AV-51,MN
EV-95,MI
EA-102,MI
AF-67,MN
AX-39,MN
DO-52,MI
Z-71,MN
L-37,MN
BB-77,WI
CQ-69,WI
EP-89,MI
BA-55,MN
DE-68,WI
EI-74,MI
P-39,MN
CT-55,MI
BE-43,MN
R-31,MN
ED-89,MI
CT-76,WI
BC-65,WI
O-28,MN
W-43,MN
CO-79,WI
BP-80,WI
BA-45,MN
CE-50,MI
BL-83,WI
AJ-50,MN
CZ-57,MI
L-13,MN
EE-89,MI
BI-73,WI
FC-80,MI
AS-66,WI
AS-58,WI
BL-79,WI
AR-39,MN
ED-95,MI
CK-59,MI
AD-37,MN
DY-93,MI
AQ-39,MN
R-54,MN
CR-86,WI
EU-53,MI
AG-71,MN
CV-86,WI
FI-82,MI
EK-87,MI
DX-97,MI
DY-99,MI
K-10,MN
DD-96,WI
I-17,MN
EH-82,MI
CW-79,WI
AB-53,MN
AY-68,WI
AW-37,MN
BP-56,WI
FI-69,MI
EE-87,MI
DS-63,MI
CQ-79,WI
L-22,MN
EU-71,MI
BY-87,WI
AU-30,MN
EE-100,MI
M-43,MN
BN-85,WI
M-27,MN
EF-65,MI
M-46,MN
AH-58,MN
BK-35,MN
ED-49,MI
X-56,MN
CN-82,WI
BC-44,MN
EC-89,MI
CE-57,MI
X-35,MN
AM-47,MN
W-40,MN
EU-92,MI
FK-81,MI
BB-46,MN
CE-87,WI
CA-55,MI
AO-43,MN
H-20,MN
BL-62,WI
CN-61,MI
AM-36,MN
EB-55,MI
DK-73,WI
AF-62,MN
AC-46,MN
CY-46,MI
W-37,MN
AQ-31,MN
AG-22,MN
CZ-77,WI
CN-63,MI
FD-72,MI
CX-47,MI
BD-68,WI
AM-42,MN
M-45,MN
EK-72,MI
CC-89,WI
AJ-47,MN
EM-71,MI
AO-27,MN
AV-61,WI
BY-30,MI
AZ-36,MN
AI-50,MN
FD-84,MI
AT-59,WI
CG-59,MI
CM-66,WI
BA-41,MN
AI-42,MN
DN-55,MI
CR-49,MI
CE-73,WI
CM-43,MI
DB-85,WI
CP-70,WI
BE-38,MN
Q-47,MN
G-30,MN
EJ-49,MI
EW-51,MI
CF-84,WI
EV-65,MI
AC-52,MN
CM-72,WI
AW-30,MN
CI-73,WI
EE-55,MI
BS-83,WI
DO-57,MI
EA-47,MI
EF-84,MI
EU-66,MI
EB-97,MI
I-16,MN
CL-58,MI
DW-48,MI
BX-91,WI
EW-77,MI
AS-28,MN
EK-82,MI
AU-50,MN
AU-73,WI
U-51,MN
BI-64,WI
ET-50,MI
BP-82,WI
AQ-47,MN
CC-72,WI
BC-72,WI
EK-45,MI
AU-55,MN
BK-77,WI
EH-85,MI
DF-78,WI
P-55,MN
ER-60,MI
BD-56,MN
AG-32,MN
FG-74,MI
AU-53,MN
DD-98,WI
J-28,MN
BQ-48,WI
EF-72,MI
FG-71,MI
ET-97,MI
BI-30,MN
BT-63,MI
Z-26,MN
EO-93,MI
AV-69,WI
X-42,MN
BB-37,MN
DE-50,MI
EA-52,MI
DA-55,MI
AD-27,MN
EZ-70,MI
BN-79,WI
BN-33,MN
CC-90,WI
AY-48,MN
BB-53,MN
AK-56,MN
BZ-72,WI
X-58,MN
DV-62,MI
BY-58,MI
J-27,MN
AY-76,WI
BV-58,MI
ET-52,MI
CU-70,WI
AB-56,MN
EH-103,MI
DV-53,MI
AQ-40,MN
DZ-91,MI
DK-60,MI
CE-78,WI
AT-75,WI
DC-48,MI
W-29,MN
ET-79,MI
DP-71,MI
CD-78,WI
H-16,MN
R-32,MN
BS-62,WI
Y-35,MN
BE-32,MN
AQ-54,MN
DH-90,WI
DE-75,WI
BD-58,WI
EX-71,MI
FA-66,MI
EQ-82,MI
ED-79,MI
AJ-32,MN
H-18,MN
CZ-71,WI
BH-32,MN
CT-64,WI
EN-100,MI
CQ-44,MI
L-18,MN
DN-70,MI
CY-82,WI
DR-63,MI
AG-27,MN
EA-54,MI
CU-37,MI
BQ-75,WI
CH-83,WI
AG-66,MN
BN-37,MN
U-34,MN
DT-61,MI
EU-65,MI
BT-61,MI
BZ-61,MI
CC-61,MI
DB-66,WI
CD-59,MI
EF-64,MI
BI-56,WI
EU-84,MI
CL-57,MI
DV-63,MI
AP-69,WI
BN-72,WI
CR-90,WI
AN-39,MN
DI-81,WI
EV-74,MI
O-24,MN
EB-77,MI
CY-72,WI
BA-74,WI
CV-85,WI
AL-45,MN
EB-79,MI
BA-60,WI
BU-68,WI
U-54,MN
F-33,MN
N-25,MN
M-15,MN
EQ-59,MI
BV-54,MI
BO-73,WI
BH-52,MN
BX-62,MI
AP-45,MN
CL-56,MI
CX-81,WI
AA-22,MN
E-21,MN
ES-51,MI
BJ-62,WI
FB-67,MI
CR-87,WI
M-23,MN
BX-75,WI
DP-62,MI
I-30,MN
CN-48,MI
BN-57,WI
EK-94,MI
BI-70,WI
DL-79,WI
AM-46,MN
CU-52,MI
ER-87,MI
J-34,MN
CE-80,WI
EB-95,MI
BJ-41,MN
AR-54,MN
DH-71,WI
EH-48,MI
AH-36,MN
DA-75,WI
BE-54,MN
CL-29,MI
CO-52,MI
DG-66,WI
AH-60,MN
FC-54,MI
CB-64,MI
AS-57,MN
CY-49,MI
AW-61,WI
AL-69,MN
N-36,MN
EH-62,MI
EX-65,MI
EW-75,MI
S-50,MN
DI-86,WI
H-30,MN
CU-90,WI
BQ-69,WI
AZ-43,MN
BA-66,WI
BW-78,WI
AE-64,MN
CH-74,WI
EM-100,MI
CM-76,WI
CJ-67,WI
BL-73,WI
CN-73,WI
CC-85,WI
AR-55,MN
AE-28,MN
EU-72,MI
CO-81,WI
AG-64,MN
CV-72,WI
BB-57,MN
CY-71,WI
AX-52,MN
BA-46,MN
T-56,MN
AP-72,WI
CG-74,WI
EV-84,MI
AI-58,MN
DC-67,WI
AC-31,MN
AM-35,MN
EG-77,MI
L-40,MN
BL-34,MN
EZ-75,MI
CW-63,WI
CU-66,WI
FA-85,MI
ER-100,MI
BT-56,MI
AS-75,WI
AC-68,MN
Q-22,MN
CT-48,MI
O-25,MN
CX-60,MI
EL-80,MI
CH-60,MI
DK-74,WI
BT-55,MI
FB-56,MI
CK-77,WI
AK-29,MN
FI-79,MI
BG-31,MN
CZ-83,WI
AJ-43,MN
BL-63,WI
ER-56,MI
AU-68,WI
FB-74,MI
EX-89,MI
AF-32,MN
S-34,MN
Q-49,MN
CX-52,MI
CY-54,MI
BW-76,WI
EK-74,MI
BG-41,MN
EI-93,MI
CQ-64,WI
K-34,MN
AJ-71,MN
AX-32,MN
BU-79,WI
DU-53,MI
BR-79,WI
DZ-89,MI
CA-80,WI
BR-65,WI
CA-87,WI
AY-65,WI
BI-74,WI
EF-54,MI
CS-69,WI
D-22,MN
AX-37,MN
EU-54,MI
BC-42,MN
CQ-50,MI
FF-88,MI
DC-85,WI
BI-33,MN
CN-64,WI
FG-55,MI
AO-53,MN
CI-85,WI
CI-56,MI
EX-67,MI
CQ-48,MI
AA-62,MN
EP-75,MI
BY-69,WI
EM-64,MI
DB-76,WI
EM-49,MI
BQ-65,WI
DN-72,WI
BP-54,WI
ED-57,MI
AC-57,MN
K-45,MN
CA-52,MI
CC-84,WI
AO-39,MN
BC-33,MN
BM-31,MN
EQ-49,MI
EE-48,MI
DK-62,WI
AZ-78,WI
J-39,MN
T-40,MN
T-41,MN
Z-69,MN
CA-31,MI
AD-73,MN
DY-56,MI
BU-83,WI
CK-70,WI
Z-52,MN
BO-45,MN
AK-48,MN
AL-61,MN
L-48,MN
BL-47,WI
AR-63,WI
CP-68,WI
DC-95,WI
DD-86,WI
BU-85,WI
BE-74,WI
DY-101,MI
BW-77,WI
K-50,MN
AM-61,MN
AA-23,MN
CI-67,WI
V-61,MN
DS-60,MI
CD-89,WI
AB-26,MN
FE-83,MI
AH-61,MN
V-38,MN
BT-30,MI
DE-93,WI
CO-59,MI
AP-54,MN
AY-70,WI
DA-62,MI
BS-54,MI
BP-68,WI
CT-77,WI
DQ-50,MI
BS-84,WI
V-51,MN
K-37,MN
CG-31,MI
AT-72,WI
CM-79,WI
Q-20,MN
AV-32,MN
BY-51,MI
FF-90,MI
BA-61,WI
CU-89,WI
AE-35,MN
EG-85,MI
BI-61,WI
ED-94,MI
CR-53,MI
CZ-89,WI
X-28,MN
BK-71,WI
AJ-48,MN
AB-59,MN
AT-44,MN
DE-53,MI
EG-76,MI
CT-49,MI
EY-79,MI
AH-65,MN
CM-63,MI
BM-69,WI
BM-64,WI
Z-37,MN
CS-68,WI
EA-57,MI
CV-77,WI
AN-49,MN
DF-75,WI
ED-67,MI
FL-70,MI
DD-77,WI
AI-44,MN
EY-70,MI
V-33,MN
AS-53,MN
BK-63,WI
CI-78,WI
EW-50,MI
BY-54,MI
L-10,MN
ED-101,MI
K-16,MN
BG-34,MN
AE-23,MN
AD-72,MN
EU-50,MI
BY-83,WI
EN-66,MI
CN-66,WI
AG-34,MN
BP-49,WI
Y-41,MN
AS-55,MN
BY-74,WI
AP-73,WI
AE-60,MN
FA-56,MI
EI-56,MI
CA-56,MI
AJ-68,MN
N-54,MN
ED-92,MI
DA-47,MI
AL-22,MN
BC-60,WI
DQ-55,MI
CP-48,MI
CN-71,WI
AA-33,MN
CC-57,MI
DF-89,WI
BW-52,MI
BH-40,MN
DF-59,MI
CU-63,WI
Z-61,MN
CV-55,MI
BR-64,WI
V-40,MN
V-52,MN
CS-62,MI
BQ-82,WI
AU-45,MN
M-16,MN
EG-47,MI
BM-49,WI
CX-78,WI
BM-38,MN
CQ-73,WI
BG-37,MN
ED-55,MI
EF-90,MI
ER-66,MI
DO-54,MI
EV-51,MI
EA-77,MI
BA-53,MN
DM-72,WI
FD-79,MI
AC-32,MN
V-53,MN
FH-73,MI
EG-51,MI
ER-84,MI
EF-76,MI
DI-61,MI
CO-74,WI
CA-61,MI
AC-38,MN
BB-60,WI
CS-73,WI
M-38,MN
AH-42,MN
BO-58,WI
BK-38,MN
CD-81,WI
BZ-67,WI
AG-63,MN
DI-55,MI
DY-48,MI
BY-71,WI
N-50,MN
DB-52,MI
P-31,MN
BJ-77,WI
EC-82,MI
BR-86,WI
BA-49,MN
BQ-55,WI
AG-41,MN
CU-55,MI
BN-83,WI
CI-53,MI
CW-60,MI
O-26,MN
BX-76,WI
AZ-63,WI
EY-65,MI
AH-26,MN
AX-33,MN
DE-92,WI
S-47,MN
DG-90,WI
FI-73,MI
DJ-70,WI
FA-73,MI
CX-46,MI
CG-55,MI
BS-73,WI
AG-60,MN
BV-59,MI
CY-68,WI
EI-57,MI
AX-45,MN
BB-54,MN
DF-54,MI
BB-43,MN
AF-53,MN
W-47,MN
BR-81,WI
FC-79,MI
AP-38,MN
EX-75,MI
EV-50,MI
O-44,MN
BS-68,WI
CP-51,MI
BU-77,WI
AW-35,MN
BH-55,MN
H-34,MN
DX-95,MI
AU-59,WI
BG-59,WI
EC-53,MI
AA-29,MN
DQ-62,MI
EC-75,MI
AO-59,WI
CB-50,MI
BS-71,WI
V-60,MN
EF-77,MI
AS-45,MN
CZ-50,MI
CR-82,WI
AU-37,MN
AL-23,MN
EE-81,MI
P-34,MN
BW-55,MI
AU-64,WI
AO-58,WI
DR-64,MI
AH-56,MN
DB-67,WI
EH-75,MI
K-22,MN
AW-65,WI
DD-95,WI
CH-67,WI
CQ-83,WI
BK-69,WI
CG-48,MI
DS-50,MI
EZ-76,MI
CY-37,MI
FH-87,MI
AU-69,WI
DM-52,MI
G-25,MN
BJ-54,WI
CE-74,WI
EH-50,MI
CN-60,MI
FA-82,MI
BC-69,WI
CU-68,WI
DI-64,WI
CM-30,MI
EP-69,MI
EH-74,MI
F-34,MN
EV-88,MI
O-50,MN
EP-70,MI
CA-58,MI
J-31,MN
FD-54,MI
AP-23,MN
I-28,MN
DP-69,MI
AJ-57,MN
EV-76,MI
BF-34,MN
CY-84,WI
AA-67,MN
EI-70,MI
EQ-53,MI
CD-70,WI
DD-80,WI
AQ-44,MN
BI-52,WI
T-57,MN
AQ-67,WI
AY-38,MN
AW-77,WI
AC-66,MN
EQ-85,MI
BR-67,WI
X-53,MN
CJ-31,MI
AQ-55,MN
EP-91,MI
ES-57,MI
BJ-75,WI
EC-81,MI
ES-100,MI
BK-40,MN
DM-73,WI
CJ-64,WI
ES-89,MI
AK-61,MN
DN-56,MI
EK-73,MI
AV-37,MN
BK-27,MN
AH-35,MN
EU-74,MI
O-42,MN
DG-92,WI
BY-68,WI
CN-88,WI
L-47,MN
AC-23,MN
DZ-103,MI
DJ-67,WI
BG-65,WI
DG-87,WI
Q-51,MN
DA-60,MI
EJ-53,MI
AX-35,MN
BM-63,WI
AZ-58,WI
DD-88,WI
EV-63,MI
Z-49,MN
AK-55,MN
DM-60,MI
AR-65,WI
DL-60,MI
AF-60,MN
Q-57,MN
BM-53,WI
DE-54,MI
ER-61,MI
DH-59,MI
EM-79,MI
CI-58,MI
BN-82,WI
BQ-29,MN
BA-32,MN
CF-58,MI
AT-64,WI
EE-49,MI
H-19,MN
CO-50,MI
BO-32,MN
H-31,MN
U-55,MN
K-28,MN
CH-77,WI
DL-53,MI
CW-54,MI
DG-99,WI
CW-83,WI
EI-52,MI
AD-49,MN
BZ-69,WI
CO-48,MI
ES-69,MI
CL-54,MI
FH-85,MI
CE-56,MI
BY-64,WI
DU-63,MI
J-22,MN
EC-68,MI
AO-37,MN
BI-55,WI
CF-51,MI
ER-73,MI
Y-64,MN
W-62,MN
Y-63,MN
CX-61,MI
EO-95,MI
CD-53,MI
CN-87,WI
K-13,MN
CC-71,WI
CZ-59,MI
AJ-34,MN
AI-52,MN
EI-55,MI
ET-84,MI
AL-40,MN
BR-34,MI
DD-84,WI
BJ-66,WI
Y-39,MN
K-11,MN
AU-75,WI
CS-81,WI
AN-52,MN
AZ-75,WI
ER-101,MI
BR-62,WI
BP-52,WI
DO-56,MI
BM-60,WI
FA-83,MI
EK-47,MI
BB-52,MN
CP-81,WI
EO-100,MI
EI-78,MI
K-12,MN
EV-71,MI
DR-58,MI
EU-51,MI
K-51,MN
BO-63,WI
EP-55,MI
EO-82,MI
V-54,MN
CW-53,MI
U-25,MN
EH-91,MI
AU-57,MN
EQ-90,MI
BA-65,WI
CK-84,WI
BB-34,MN
DF-52,MI
CZ-85,WI
CN-54,MI
CX-68,WI
L-23,MN
CF-54,MI
EU-91,MI
AU-48,MN
ER-75,MI
BH-67,WI
AM-64,MN
EW-79,MI
BH-43,MN
J-50,MN
DA-58,MI
Y-53,MN
EH-96,MI
BM-79,WI
O-38,MN
BW-84,WI
EH-90,MI
AH-52,MN
CR-42,MI
BO-56,WI
EI-96,MI
CX-66,WI
ET-65,MI
BC-64,WI
Q-27,MN
CB-58,MI
DW-53,MI
V-23,MN
BD-36,MN
BI-32,MN
CV-56,MI
BA-28,MN
AF-68,MN
EU-60,MI
BI-53,WI
BS-77,WI
Q-23,MN
CG-58,MI
AZ-40,MN
I-22,MN
BV-79,WI
S-30,MN
BF-37,MN
DG-100,WI
S-57,MN
AN-57,MN
U-27,MN
BJ-76,WI
Z-23,MN
EK-55,MI
AG-40,MN
AS-54,MN
BN-68,WI
AR-25,MN
EF-103,MI
DM-74,WI
EO-71,MI
BJ-70,WI
DY-54,MI
EU-86,MI
ES-75,MI
EF-75,MI
FF-56,MI
P-19,MN
AH-70,MN
EA-48,MI
CF-61,MI
BV-78,WI
DG-52,MI
N-44,MN
BC-29,MN
AP-71,WI
CW-80,WI
EF-74,MI
BL-75,WI
BQ-73,WI
CS-42,MI
CK-65,WI
DT-58,MI
EG-49,MI
BQ-72,WI
AT-54,MN
DE-56,MI
AP-28,MN
ET-49,MI
BJ-58,WI
AB-58,MN
EN-97,MI
AA-58,MN
BE-73,WI
EU-88,MI
AW-41,MN
BO-78,WI
DF-97,WI
EB-84,MI
AV-54,MN
AG-55,MN
BW-82,WI
J-11,MN
W-60,MN
Z-38,MN
L-16,MN
FM-70,MI
AT-52,MN
DD-61,MI
BH-56,MN
CZ-52,MI
CG-51,MI
DV-60,MI
FG-81,MI
EO-87,MI
CX-83,WI
Q-32,MN
FA-67,MI
Y-50,MN
EK-96,MI
DY-57,MI
EM-54,MI
EI-77,MI
FC-74,MI
H-35,MN
EM-85,MI
EJ-86,MI
EX-86,MI
EJ-78,MI
EL-55,MI
DB-71,WI
N-12,MN
CQ-84,WI
BM-77,WI
DE-99,WI
BE-67,WI
BO-50,WI
CN-89,WI
CS-56,MI
EC-86,MI
EQ-79,MI
BO-75,WI
AU-77,WI
AW-39,MN
AB-48,MN
CN-53,MI
CF-66,WI
P-30,MN
FG-77,MI
EO-96,MI
BV-64,MI
EP-65,MI
CB-82,WI
CQ-43,MI
EE-98,MI
FC-72,MI
EQ-58,MI
Y-68,MN
DI-88,WI
CI-68,WI
CT-65,WI
FJ-80,MI
CY-77,WI
EV-54,MI
CM-60,MI
CV-70,WI
DP-63,MI
AO-72,WI
AP-42,MN
AH-54,MN
EV-64,MI
CF-62,MI
DX-55,MI
AX-60,WI
DS-55,MI
CC-80,WI
DZ-51,MI
L-38,MN
BZ-64,MI
BL-70,WI
AH-50,MN
CU-41,MI
DH-69,WI
EY-55,MI
EB-50,MI
AC-41,MN
AD-39,MN
AI-28,MN
V-46,MN
AV-36,MN
M-35,MN
CJ-59,MI
DQ-67,MI
EN-82,MI
DB-77,WI
CS-46,MI
AJ-44,MN
CD-30,MI
FI-80,MI
CP-26,MI
AU-61,WI
ER-69,MI
FB-54,MI
BN-53,WI
AH-66,MN
BZ-50,MI
ED-50,MI
AE-56,MN
EP-83,MI
EA-95,MI
DH-64,WI
DB-78,WI
DH-84,WI
AN-32,MN
AU-29,MN
CN-79,WI
EW-74,MI
CU-71,WI
CO-70,WI
DD-85,WI
DG-101,WI
BN-71,WI
AN-50,MN
DG-65,WI
BJ-30,MN
DV-49,MI
EK-98,MI
AW-42,MN
W-44,MN
T-27,MN
DB-59,MI
CK-61,MI
DE-94,WI
DB-64,WI
CR-57,MI
DA-64,WI
FM-80,MI
FB-78,MI
CE-65,WI
EH-84,MI
CD-85,WI
CY-69,WI
BS-87,WI
EM-94,MI
BW-69,WI
AJ-58,MN
AH-30,MN
CL-55,MI
BC-56,MN
X-34,MN
CU-61,MI
F-27,MN
AB-33,MN
BV-60,MI
DI-78,WI
EP-81,MI
FE-66,MI
FI-67,MI
H-41,MN
DV-55,MI
EZ-64,MI
J-32,MN
EK-100,MI
BA-43,MN
DC-38,MI
CJ-52,MI
CW-70,WI
EH-79,MI
CN-47,MI
FF-82,MI
EO-97,MI
CK-82,WI
BN-52,WI
CV-39,MI
FE-80,MI
AL-25,MN
FA-76,MI
EM-101,MI
R-46,MN
AT-73,WI
W-32,MN
BA-35,MN
BZ-88,WI
I-33,MN
DZ-100,MI
FE-71,MI
BU-78,WI
DI-70,WI
DY-50,MI
X-40,MN
BP-58,WI
CV-40,MI
EY-90,MI
CA-50,MI
W-50,MN
AL-34,MN
EN-67,MI
AP-35,MN
CI-75,WI
CX-49,MI
DZ-60,MI
AW-74,WI
K-30,MN
DM-77,WI
G-33,MN
BV-29,MI
U-61,MN
O-30,MN
AX-43,MN
AO-66,WI
AB-24,MN
AT-34,MN
F-24,MN
R-27,MN
O-46,MN
CX-79,WI
ED-87,MI
AF-30,MN
CJ-63,MI
ER-67,MI
BZ-31,MI
M-40,MN
CI-65,WI
AP-65,WI
EN-99,MI
AP-59,WI
CV-87,WI
DY-58,MI
ET-96,MI
AR-53,MN
CA-89,WI
EB-92,MI
AM-63,MN
DB-80,WI
Z-28,MN
EQ-101,MI
L-19,MN
DW-59,MI
BD-40,MN
BW-66,WI
AN-62,WI
CD-49,MI
CK-76,WI
CE-54,MI
EB-74,MI
DO-70,MI
EC-77,MI
W-26,MN
DC-52,MI
DY-52,MI
CA-81,WI
ET-75,MI
BQ-84,WI
DD-63,WI
EP-85,MI
EI-99,MI
EK-70,MI
BT-70,WI
AK-59,MN
BP-34,MN
BQ-47,WI
BI-72,WI
EM-74,MI
EU-83,MI
Z-51,MN
AL-32,MN
CX-38,MI
AR-42,MN
EQ-87,MI
CX-40,MI
EP-93,MI
DC-72,WI
N-21,MN
DI-58,MI
AV-73,WI
AH-28,MN
AC-29,MN
L-29,MN
BZ-76,WI
AY-56,MN
BY-52,MI
BR-70,WI
CA-76,WI
CY-76,WI
AR-33,MN
U-24,MN
BW-83,WI
CY-78,WI
EZ-81,MI
EP-98,MI
EV-82,MI
AZ-39,MN
EM-82,MI
CJ-66,WI
BU-57,MI
EQ-63,MI
AP-53,MN
BG-54,MN
BB-69,WI
DJ-69,WI
U-32,MN
BP-85,WI
BD-73,WI
DN-54,MI
AA-50,MN
CC-53,MI
EY-85,MI
DA-87,WI
FL-82,MI
BB-67,WI
EL-57,MI
BY-80,WI
CB-51,MI
CR-73,WI
AJ-65,MN
EY-73,MI
AU-74,WI
EX-70,MI
DB-57,MI
DO-72,MI
CF-82,WI
EJ-81,MI
BK-54,WI
AN-61,WI
AT-61,WI
AN-27,MN
AE-70,MN
BR-80,WI
AF-49,MN
DZ-59,MI
BC-34,MN
FE-85,MI
BI-58,WI
DG-96,WI
ER-76,MI
AD-34,MN
EN-80,MI
CP-42,MI
DA-69,WI
BY-66,WI
DG-82,WI
EO-57,MI
AL-62,MN
ER-96,MI
BH-66,WI
DO-71,MI
CL-63,MI
AX-66,WI
AI-60,MN
AQ-71,WI
DU-62,MI
AY-34,MN
EV-73,MI
EE-95,MI
CT-84,WI
AR-56,MN
AK-72,MN
EO-49,MI
BR-33,MI
AS-71,WI
EB-98,MI
BN-56,WI
CP-53,MI
CE-84,WI
Z-22,MN
CC-76,WI
CP-89,WI
BN-73,WI
EB-87,MI
FB-83,MI
BD-53,MN
CL-82,WI
AF-23,MN
EG-65,MI
CY-87,WI
DB-90,WI
EN-90,MI
AF-38,MN
CR-88,WI
EH-93,MI
BQ-46,MN
ED-96,MI
AS-74,WI
CG-63,MI
CY-64,WI
CE-62,MI
CI-52,MI
EJ-97,MI
V-29,MN
DA-91,WI
AN-66,WI
AK-67,MN
BS-55,MI
CL-68,WI
EZ-68,MI
BQ-85,WI
BL-69,WI
AZ-70,WI
DM-64,WI
CC-51,MI
L-50,MN
CJ-47,MI
EQ-89,MI
DA-73,WI
AS-72,WI
G-21,MN
CM-31,MI
AG-72,MN
BS-66,WI
AC-34,MN
ED-100,MI
I-18,MN
EE-74,MI
DJ-57,MI
DO-63,MI
EX-64,MI
BP-65,WI
BV-90,WI
AI-32,MN
CR-83,WI
CI-82,WI
BA-48,MN
BD-32,MN
AT-36,MN
EU-80,MI
CN-74,WI
Y-34,MN
ER-57,MI
AV-66,WI
DK-53,MI
I-20,MN
AZ-69,WI
DD-54,MI
DL-64,WI
CR-77,WI
BG-52,MN
DF-82,WI
N-38,MN
DF-101,WI
BN-36,MN
EC-47,MI
AN-58,WI
BV-61,MI
EY-67,MI
DG-63,WI
CT-83,WI
EI-82,MI
AD-54,MN
CA-88,WI
BP-87,WI
EP-79,MI
FE-73,MI
EQ-72,MI
BS-30,MI
EG-100,MI
DL-74,WI
DF-71,WI
CV-62,MI
DF-51,MI
DP-54,MI
CJ-78,WI
FI-78,MI
CJ-71,WI
AN-65,WI
EH-97,MI
DK-81,WI
CO-84,WI
AQ-65,WI
AP-60,WI
ET-95,MI
BB-29,MN
FE-55,MI
BK-36,MN
BT-81,WI
DL-59,MI
AS-31,MN
BH-76,WI
EU-94,MI
EA-97,MI
BT-72,WI
AM-44,MN
DB-70,WI
EJ-75,MI
AO-63,WI
CL-46,MI
S-37,MN
DB-56,MI
AY-28,MN
CZ-55,MI
ER-64,MI
BT-29,MI
ED-99,MI
AW-25,MN
T-30,MN
Z-50,MN
BO-76,WI
EP-71,MI
CJ-77,WI
AW-55,MN
BU-53,MI
F-18,MN
AI-59,MN
J-21,MN
AH-55,MN
W-35,MN
EA-59,MI
R-37,MN
AI-54,MN
U-60,MN
AP-47,MN
CW-48,MI
DI-80,WI
AE-66,MN
BJ-71,WI
ED-54,MI
EC-91,MI
DC-60,MI
W-53,MN
DA-79,WI
FM-81,MI
BM-56,WI
CV-71,WI
BR-85,WI
AN-33,MN
CP-83,WI
ET-100,MI
AM-22,MN
BV-72,WI
AX-50,MN
DE-70,WI
N-24,MN
DH-65,WI
EU-77,MI
DA-72,WI
DF-85,WI
CH-69,WI
EC-101,MI
DZ-92,MI
L-39,MN
M-33,MN
O-54,MN
BR-76,WI
DC-93,WI
AK-21,MN
BU-89,WI
EP-50,MI
DJ-66,WI
AC-27,MN
C-24,MN
BK-55,WI
CV-48,MI
DZ-80,MI
AD-70,MN
BG-75,WI
DZ-96,MI
EL-75,MI
O-16,MN
AG-45,MN
BV-86,WI
DX-94,MI
CB-67,WI
CY-63,WI
P-46,MN
FH-75,MI
P-42,MN
DG-86,WI
FB-73,MI
K-38,MN
S-23,MN
AE-29,MN
EH-78,MI
EW-76,MI
DG-76,WI
DZ-56,MI
F-32,MN
CZ-51,MI
AE-40,MN
EP-99,MI
BT-86,WI
AR-47,MN
CV-73,WI
CZ-90,WI
S-56,MN
W-28,MN
Q-40,MN
BV-57,MI
CG-76,WI
DK-63,WI
BX-63,MI
AP-67,WI
EZ-69,MI
DZ-86,MI
FG-83,MI
CY-53,MI
CB-66,WI
FL-81,MI
DG-88,WI
BY-59,MI
AI-29,MN
AJ-69,MN
BM-61,WI
CT-74,WI
ET-76,MI
EP-72,MI
EF-93,MI
BL-71,WI
CI-62,MI
BH-68,WI
AY-58,WI
AF-48,MN
EY-89,MI
BX-69,WI
EO-74,MI
ES-77,MI
BE-65,WI
CR-79,WI
AO-26,MN
BK-79,WI
K-18,MN
BR-72,WI
CU-77,WI
AN-44,MN
CV-58,MI
DG-64,WI
BX-55,MI
DQ-58,MI
I-32,MN
CC-63,MI
H-26,MN
BR-84,WI
EH-89,MI
AH-34,MN
BR-48,WI
CW-81,WI
CP-77,WI
BE-45,MN
CK-73,WI
CT-61,MI
W-42,MN
EL-88,MI
EQ-66,MI
CO-80,WI
BE-70,WI
BL-80,WI
CC-83,WI
AV-79,WI
EL-86,MI
BO-84,WI
BH-41,MN
CM-48,MI
ED-48,MI
FB-76,MI
CR-64,WI
K-32,MN
K-19,MN
DA-80,WI
FA-80,MI
FF-81,MI
DG-93,WI
EO-98,MI
BK-59,WI
BK-37,MN
EL-82,MI
CU-82,WI
CP-72,WI
BX-82,WI
FF-86,MI
DA-92,WI
BY-84,WI
EG-56,MI
BE-56,MN
BN-58,WI
BI-41,MN
EL-58,MI
CY-70,WI
DF-94,WI
DE-74,WI
CP-82,WI
CR-72,WI
DA-59,MI
CR-89,WI
BB-40,MN
DG-91,WI
EQ-98,MI
EK-54,MI
EX-77,MI
EP-95,MI
EP-82,MI
DJ-84,WI
EW-70,MI
AK-70,MN
DC-63,WI
FF-76,MI
L-49,MN
EV-75,MI
FC-71,MI
EA-94,MI
AX-64,WI
ER-85,MI
CY-51,MI
AD-59,MN
AS-67,WI
BH-73,WI
EC-50,MI
AB-34,MN
CI-80,WI
AU-26,MN
EY-66,MI
BC-66,WI
AL-70,MN
DY-47,MI
P-26,MN
EN-92,MI
EO-92,MI
ET-89,MI
L-28,MN
AH-71,MN
CN-69,WI
CA-72,WI
EL-94,MI
BL-77,WI
CU-74,WI
Z-25,MN
EH-52,MI
EU-73,MI
ET-88,MI
AC-47,MN
AC-54,MN
AW-45,MN
BI-31,MN
EY-81,MI
AE-26,MN
BQ-32,MN
U-41,MN
BX-59,MI
FA-64,MI
DN-75,WI
BM-28,MN
AK-26,MN
AC-39,MN
DG-71,WI
BJ-78,WI
ET-83,MI
CG-73,WI
BP-32,MN
BG-76,WI
EZ-78,MI
FG-88,MI
AH-59,MN
FK-80,MI
EZ-80,MI
CY-65,WI
BR-47,MN
CJ-53,MI
Y-30,MN
AZ-67,WI
AF-44,MN
CH-72,WI
DG-72,WI
EL-101,MI
EZ-90,MI
K-14,MN
BX-72,WI
M-41,MN
AV-76,WI
EP-73,MI
EN-85,MI
CX-56,MI
CR-59,MI
AG-56,MN
AN-35,MN
CH-31,MI
R-52,MN
BO-60,WI
BX-88,WI
EM-50,MI
EL-91,MI
AV-57,MN
BK-74,WI
AL-57,MN
AO-51,MN
EY-76,MI
BB-62,WI
DY-88,MI
EC-103,MI
J-29,MN
BH-36,MN
AU-67,WI
DD-94,WI
ER-51,MI
DC-50,MI
CR-76,WI
DC-91,WI
BN-54,WI
AO-40,MN
BG-36,MN
CK-52,MI
CE-60,MI
EK-101,MI
BJ-33,MN
V-50,MN
CP-44,MI
BV-89,WI
BF-45,MN
AJ-60,MN
AJ-25,MN
AI-40,MN
EC-92,MI
V-31,MN
AW-49,MN
AW-54,MN
EK-84,MI
CC-64,WI
CW-52,MI
FF-69,MI
DE-91,WI
EM-56,MI
U-50,MN
EQ-64,MI
CB-77,WI
ES-79,MI
BK-28,MN
EI-85,MI
CA-63,MI
BH-77,WI
AJ-39,MN
EQ-62,MI
BU-55,MI
CT-47,MI
EN-64,MI
EH-81,MI
G-23,MN
AS-27,MN
DF-77,WI
AO-64,WI
CI-74,WI
CD-74,WI
EH-64,MI
EI-92,MI
ED-90,MI
CB-57,MI
DS-67,MI
BT-54,MI
BI-76,WI
EW-49,MI
EB-54,MI
BD-42,MN
AQ-74,WI
DA-81,WI
CD-68,WI
DP-52,MI
DI-56,MI
EJ-80,MI
EM-87,MI
EU-76,MI
EM-83,MI
DM-58,MI
L-53,MN
EN-95,MI
AL-65,MN
DQ-69,MI
AR-37,MN
BN-81,WI
EF-99,MI
EA-98,MI
DJ-53,MI
DB-60,MI
DZ-102,MI
FJ-83,MI
CL-75,WI
CO-85,WI
Q-38,MN
AS-38,MN
CT-69,WI
CN-27,MI
EL-97,MI
DB-74,WI
S-39,MN
BZ-74,WI
I-46,MN
EG-96,MI
DC-80,WI
BW-58,MI
CT-60,MI
BN-84,WI
BE-42,MN
CL-59,MI
FI-75,MI
CO-64,WI
CB-85,WI
BY-31,MI
DJ-62,MI
ET-92,MI
EE-52,MI
BK-52,WI
DJ-76,WI
AV-56,MN
AF-52,MN
BM-72,WI
DZ-57,MI
DA-82,WI
R-24,MN
S-32,MN
AZ-38,MN
BS-79,WI
BG-56,MN
EN-72,MI
DG-85,WI
DC-47,MI
CH-79,WI
BD-64,WI
EQ-51,MI
CE-48,MI
P-48,MN
CO-51,MI
CU-40,MI
BZ-32,MI
CX-72,WI
AE-41,MN
CG-85,WI
EQ-93,MI
DG-62,WI
EQ-57,MI
DE-60,MI
EB-57,MI
BO-81,WI
AE-49,MN
AN-23,MN
ES-70,MI
T-50,MN
DL-58,MI
AS-33,MN
P-21,MN
CT-86,WI
ED-63,MI
Y-22,MN
BP-60,WI
EM-92,MI
BK-53,WI
EC-84,MI
EK-75,MI
CM-58,MI
BZ-80,WI
L-17,MN
F-23,MN
DA-74,WI
ES-98,MI
BR-56,WI
AL-47,MN
DB-55,MI
EJ-85,MI
CK-60,MI
EA-93,MI
CV-74,WI
BJ-72,WI
BC-61,WI
EU-82,MI
EF-78,MI
DC-54,MI
ES-96,MI
N-13,MN
EQ-65,MI
AQ-49,MN
EF-82,MI
DB-89,WI
DY-80,MI
Y-59,MN
BO-47,WI
EZ-88,MI
DH-80,WI
BV-87,WI
BR-30,MI
Z-46,MN
AF-50,MN
Z-48,MN
CY-80,WI
R-51,MN
AF-28,MN
EF-55,MI
FA-78,MI
K-44,MN
FH-89,MI
BW-61,MI
BE-77,WI
FI-88,MI
BK-78,WI
P-43,MN
AZ-65,WI
CI-50,MI
CR-41,MI
EJ-70,MI
BF-64,WI
AC-65,MN
AP-55,MN
DX-49,MI
BB-36,MN
J-49,MN
AY-27,MN
AW-32,MN
ED-52,MI
CQ-57,MI
BZ-55,MI
AT-39,MN
BX-83,WI
AK-53,MN
L-35,MN
BY-56,MI
N-46,MN
DN-73,WI
BF-65,WI
FG-84,MI
EU-75,MI
DE-51,MI
ED-86,MI
H-21,MN
BN-67,WI
J-14,MN
CB-89,WI
FI-84,MI
AW-76,WI
AC-63,MN
BU-29,MI
EF-49,MI
ER-89,MI
DJ-54,MI
CX-53,MI
CC-66,WI
N-45,MN
EE-50,MI
AI-55,MN
ES-53,MI
EK-97,MI
EL-102,MI
AD-31,MN
FB-64,MI
EE-51,MI
BG-68,WI
AL-37,MN
EY-74,MI
AC-43,MN
CA-59,MI
CK-67,WI
Z-42,MN
EN-88,MI
CZ-46,MI
CK-48,MI
BJ-40,MN
AM-43,MN
EM-96,MI
AD-60,MN
DC-88,WI
EH-83,MI
EM-61,MI
EA-81,MI
EZ-67,MI
FC-87,MI
BB-63,WI
BB-74,WI
EK-71,MI
AU-27,MN
G-18,MN
BN-76,WI
BX-32,MI
CT-81,WI
DY-98,MI
AX-79,WI
BR-83,WI
CQ-68,WI
FE-65,MI
EW-62,MI
AD-69,MN
EV-49,MI
AZ-29,MN
BF-61,WI
AC-25,MN
AP-24,MN
N-17,MN
EW-78,MI
ER-88,MI
CD-87,WI
CU-88,WI
EU-93,MI
CT-41,MI
DF-67,WI
BE-59,WI
AH-53,MN
EK-56,MI
DZ-84,MI
CZ-82,WI
S-55,MN
T-44,MN
FG-72,MI
EG-98,MI
AU-44,MN
EY-72,MI
AO-30,MN
DK-59,MI
B-25,MN
DG-61,MI
CJ-86,WI
DW-49,MI
AZ-60,WI
AU-36,MN
BJ-60,WI
ER-86,MI
H-33,MN
CI-72,WI
EK-51,MI
BM-35,MN
BH-57,MN
DI-66,WI
CJ-74,WI
AZ-66,WI
BO-35,MN
DY-55,MI
EB-49,MI
AQ-42,MN
CR-69,WI
AE-61,MN
CA-77,WI
DL-61,MI
BW-70,WI
CK-83,WI
ET-94,MI
X-47,MN
EW-57,MI
EA-90,MI
BB-70,WI
CC-56,MI
AJ-51,MN
T-21,MN
DD-73,WI
AG-21,MN
AN-42,MN
FI-66,MI
CW-39,MI
FJ-73,MI
DI-85,WI
DW-50,MI
BK-51,WI
FA-57,MI
EU-64,MI
AO-33,MN
AE-46,MN
CJ-61,MI
AS-47,MN
EH-71,MI
AQ-38,MN
BO-79,WI
FB-86,MI
AY-40,MN
DS-58,MI
EP-86,MI
ED-56,MI
CU-59,MI
BM-65,WI
CV-78,WI
EH-51,MI
FB-75,MI
DY-49,MI
CZ-86,WI
CQ-49,MI
FH-84,MI
AW-28,MN
EF-96,MI
BQ-61,WI
AS-36,MN
BC-55,MN
M-31,MN
AE-68,MN
CQ-78,WI
EE-73,MI
EI-46,MI
BA-68,WI
FK-69,MI
J-51,MN
L-34,MN
AR-62,WI
EG-101,MI
BO-77,WI
CS-51,MI
AG-36,MN
G-28,MN
CB-84,WI
AO-49,MN
BW-88,WI
CJ-81,WI
EI-54,MI
BJ-79,WI
FJ-67,MI
CE-55,MI
DI-82,WI
AA-49,MN
AH-44,MN
EJ-89,MI
EX-73,MI
DF-91,WI
AF-58,MN
BE-30,MN
BY-55,MI
BZ-89,WI
AR-29,MN
CA-75,WI
BM-29,MN
AE-69,MN
EH-101,MI
AD-35,MN
T-52,MN
Q-31,MN
CX-54,MI
FE-69,MI
J-10,MN
BD-77,WI
AK-32,MN
BI-38,MN
AR-73,WI
DJ-59,MI
CZ-47,MI
EN-52,MI
E-23,MN
BZ-70,WI
CK-68,WI
Y-26,MN
EC-97,MI
X-32,MN
AA-59,MN
FG-87,MI
EI-87,MI
AY-39,MN
AR-59,WI
BO-62,WI
CP-45,MI
BJ-73,WI
X-22,MN
F-16,MN
AF-41,MN
CR-52,MI
AK-66,MN
N-52,MN
Z-70,MN
X-48,MN
BW-75,WI
EY-86,MI
DU-50,MI
EN-71,MI
ET-68,MI
DC-68,WI
DF-70,WI
G-27,MN
CC-59,MI
BE-63,WI
AM-51,MN
DU-54,MI
G-17,MN
CM-57,MI
EF-102,MI
EA-76,MI
CU-84,WI
AR-46,MN
CW-37,MI
K-36,MN
CY-61,MI
AF-65,MN
AL-44,MN
AS-37,MN
CX-50,MI
AO-55,MN
ES-85,MI
AN-38,MN
CV-54,MI
AQ-45,MN
CL-47,MI
EI-97,MI
AP-57,MN
R-44,MN
K-42,MN
BT-65,WI
BU-80,WI
EU-67,MI
FB-66,MI
AV-28,MN
DD-64,WI
AO-42,MN
BD-30,MN
AT-35,MN
AV-62,WI
AR-50,MN
AQ-58,WI
ES-80,MI
AU-72,WI
FE-81,MI
FM-78,MI
DJ-81,WI
FH-72,MI
BV-33,MI
CU-50,MI
BQ-66,WI
F-19,MN
FB-79,MI
AU-71,WI
DU-61,MI
ES-66,MI
AS-42,MN
Z-64,MN
CH-70,WI
DZ-94,MI
DC-76,WI
EA-79,MI
DH-87,WI
FF-85,MI
BT-68,WI
AR-71,WI
BJ-64,WI
EO-55,MI
CB-68,WI
DD-78,WI
DK-64,WI
CI-48,MI
EG-72,MI
AX-44,MN
EF-63,MI
EX-87,MI
EC-56,MI
AZ-47,MN
EN-83,MI
AG-47,MN
AY-59,WI
AZ-72,WI
AS-68,WI
AJ-42,MN
EH-55,MI
AR-74,WI
ES-84,MI
DM-75,WI
AZ-45,MN
CB-86,WI
EM-77,MI
BC-41,MN
CK-66,WI
AW-69,WI
AO-67,WI
T-36,MN
ES-74,MI
AK-36,MN
AL-60,MN
BS-86,WI
CU-43,MI
FB-71,MI
Z-33,MN
ER-83,MI
AE-32,MN
BB-48,MN
CO-68,WI
P-25,MN
H-25,MN
FF-87,MI
EE-99,MI
FC-83,MI
ET-66,MI
CU-86,WI
AG-68,MN
EE-102,MI
BW-74,WI
DC-49,MI
ES-95,MI
DJ-64,WI
BW-62,MI
BA-52,MN
AI-66,MN
EF-88,MI
CP-55,MI
O-51,MN
CX-55,MI
BM-52,WI
FG-68,MI
AT-65,WI
AX-42,MN
ER-90,MI
CE-68,WI
FF-72,MI
DM-53,MI
DH-81,WI
N-31,MN
AM-37,MN
EK-52,MI
BN-63,WI
AC-35,MN
BW-79,WI
EO-81,MI
DA-37,MI
BZ-75,WI
ET-53,MI
AH-27,MN
CW-75,WI
S-48,MN
AM-26,MN
EZ-85,MI
DB-73,WI
X-30,MN
EH-47,MI
EB-102,MI
AK-43,MN
EE-92,MI
ES-71,MI
Z-31,MN
CB-62,MI
DX-53,MI
CQ-67,WI
FF-75,MI
W-59,MN
CL-65,WI
T-53,MN
CS-63,WI
DS-59,MI
CS-44,MI
BU-88,WI
CM-86,WI
E-18,MN
BW-67,WI
EV-94,MI
BL-64,WI
EH-94,MI
BC-32,MN
P-17,MN
BI-62,WI
EO-51,MI
EA-51,MI
AD-51,MN
DE-52,MI
AQ-28,MN
J-26,MN
M-20,MN
CS-53,MI
G-24,MN
BY-53,MI
BK-48,WI
DB-94,WI
DI-57,MI
EZ-73,MI
DG-83,WI
FB-68,MI
P-24,MN
AR-32,MN
BQ-59,WI
BI-77,WI
BD-65,WI
DX-90,MI
DC-90,WI
BC-40,MN
CG-54,MI
EW-90,MI
CG-84,WI
BX-71,WI
BK-67,WI
AG-69,MN
AF-43,MN
FC-66,MI
AT-74,WI
ES-55,MI
BD-43,MN
CC-49,MI
EM-63,MI
BF-44,MN
BA-70,WI
DD-83,WI
DE-57,MI
AN-73,MN
BO-61,WI
CF-60,MI
AS-32,MN
EE-88,MI
CS-87,WI
DX-58,MI
AD-26,MN
EP-54,MI
BR-61,WI
DL-76,WI
DF-62,MI
BE-39,MN
CA-29,MI
DA-67,WI
FE-88,MI
F-22,MN
AS-29,MN
BV-83,WI
H-42,MN
AH-22,MN
AH-62,MN
CB-54,MI
DW-57,MI
AQ-53,MN
S-26,MN
AW-26,MN
AM-38,MN
CM-88,WI
N-14,MN
BS-75,WI
W-58,MN
AE-53,MN
ED-88,MI
BN-55,WI
CE-59,MI
AZ-59,WI
BW-29,MI
DA-76,WI
CN-51,MI
T-42,MN
T-48,MN
BY-82,WI
DU-60,MI
BT-84,WI
EK-91,MI
I-29,MN
CC-77,WI
AG-54,MN
E-25,MN
BP-73,WI
DK-77,WI
BD-67,WI
AT-32,MN
T-37,MN
ED-91,MI
AF-61,MN
BK-58,WI
CK-79,WI
EN-101,MI
EH-80,MI
BA-31,MN
X-51,MN
CK-78,WI
AO-69,WI
BB-73,WI
AO-34,MN
AQ-43,MN
EP-51,MI
CI-84,WI
AE-58,MN
CA-78,WI
BD-62,WI
X-29,MN
CI-30,MI
BJ-67,WI
AW-47,MN
DW-98,MI
FK-78,MI
DW-91,MI
DJ-79,WI
AE-45,MN
BB-55,MN
L-26,MN
EF-53,MI
CX-74,WI
ER-99,MI
FB-72,MI
EO-89,MI
S-27,MN
AY-44,MN
FE-86,MI
N-42,MN
EY-75,MI
CJ-62,MI
EE-76,MI
U-52,MN
CV-88,WI
T-35,MN
EJ-83,MI
DD-67,WI
P-56,MN
CH-53,MI
AF-56,MN
CN-75,WI
P-35,MN
V-30,MN
BY-73,WI
CG-79,WI
AB-64,MN
AN-47,MN
CH-75,WI
EX-85,MI
CU-69,WI
X-61,MN
AY-47,MN
AC-61,MN
AA-64,MN
AF-63,MN
DZ-101,MI
BS-81,WI
BS-31,MI
EK-92,MI
BW-80,WI
BD-59,WI
AE-54,MN
AJ-38,MN
P-52,MN
EY-80,MI
AU-33,MN
BJ-65,WI
CD-69,WI
CF-75,WI
BT-33,MI
DC-66,WI
EE-94,MI
R-26,MN
CI-49,MI
ES-87,MI
AI-53,MN
DR-51,MI
L-32,MN
O-36,MN
BF-68,WI
EG-97,MI
BB-32,MN
EO-80,MI
DS-57,MI
AY-50,MN
AJ-49,MN
DF-55,MI
AB-73,MN
X-38,MN
CF-69,WI
CL-84,WI
DF-90,WI
S-21,MN
BY-76,WI
CX-75,WI
AS-61,WI
AT-51,MN
EF-97,MI
AI-41,MN
DF-60,MI
BN-74,WI
K-33,MN
CE-86,WI
CS-79,WI
DC-81,WI
EG-53,MI
DF-53,MI
AW-56,MN
BU-63,MI
BP-83,WI
CF-50,MI
DK-66,WI
FG-86,MI
AP-34,MN
DA-52,MI
P-27,MN
EU-79,MI
DE-63,WI
CB-30,MI
DC-58,MI
CX-76,WI
EM-93,MI
Y-56,MN
O-27,MN
CO-45,MI
Q-45,MN
AU-35,MN
AN-71,MN
EW-80,MI
EN-81,MI
EY-87,MI
AT-30,MN
AC-71,MN
CR-75,WI
DG-98,WI
EI-53,MI
CW-38,MI
BZ-84,WI
CD-66,WI
